,realtime_start,realtime_end,date,value,NFCI_index
0,2025-07-30,2025-07-30,2000-01-07,-0.18391,-0.18391
1,2025-07-30,2025-07-30,2000-01-14,-0.19519,-0.19519
2,2025-07-30,2025-07-30,2000-01-21,-0.20559,-0.20559
3,2025-07-30,2025-07-30,2000-01-28,-0.21299,-0.21299
4,2025-07-30,2025-07-30,2000-02-04,-0.21491,-0.21491
5,2025-07-30,2025-07-30,2000-02-11,-0.21269,-0.21269
6,2025-07-30,2025-07-30,2000-02-18,-0.20492,-0.20492
7,2025-07-30,2025-07-30,2000-02-25,-0.19207,-0.19207
8,2025-07-30,2025-07-30,2000-03-03,-0.17602,-0.17602
9,2025-07-30,2025-07-30,2000-03-10,-0.15597,-0.15597
10,2025-07-30,2025-07-30,2000-03-17,-0.13376,-0.13376
11,2025-07-30,2025-07-30,2000-03-24,-0.11145,-0.11145
12,2025-07-30,2025-07-30,2000-03-31,-0.09038,-0.09038
13,2025-07-30,2025-07-30,2000-04-07,-0.07426,-0.07426
14,2025-07-30,2025-07-30,2000-04-14,-0.05958,-0.05958
15,2025-07-30,2025-07-30,2000-04-21,-0.04621,-0.04621
16,2025-07-30,2025-07-30,2000-04-28,-0.03185,-0.03185
17,2025-07-30,2025-07-30,2000-05-05,-0.01555,-0.01555
18,2025-07-30,2025-07-30,2000-05-12,0.00015,0.00015
19,2025-07-30,2025-07-30,2000-05-19,0.01482,0.01482
20,2025-07-30,2025-07-30,2000-05-26,0.02733,0.02733
21,2025-07-30,2025-07-30,2000-06-02,0.03509,0.03509
22,2025-07-30,2025-07-30,2000-06-09,0.03656,0.03656
23,2025-07-30,2025-07-30,2000-06-16,0.03202,0.03202
24,2025-07-30,2025-07-30,2000-06-23,0.02019,0.02019
25,2025-07-30,2025-07-30,2000-06-30,0.00201,0.00201
26,2025-07-30,2025-07-30,2000-07-07,-0.02304,-0.02304
27,2025-07-30,2025-07-30,2000-07-14,-0.05252,-0.05252
28,2025-07-30,2025-07-30,2000-07-21,-0.08337,-0.08337
29,2025-07-30,2025-07-30,2000-07-28,-0.11412,-0.11412
30,2025-07-30,2025-07-30,2000-08-04,-0.14245,-0.14245
31,2025-07-30,2025-07-30,2000-08-11,-0.16682,-0.16682
32,2025-07-30,2025-07-30,2000-08-18,-0.18518,-0.18518
33,2025-07-30,2025-07-30,2000-08-25,-0.19759,-0.19759
34,2025-07-30,2025-07-30,2000-09-01,-0.20496,-0.20496
35,2025-07-30,2025-07-30,2000-09-08,-0.20689,-0.20689
36,2025-07-30,2025-07-30,2000-09-15,-0.20542,-0.20542
37,2025-07-30,2025-07-30,2000-09-22,-0.20107,-0.20107
38,2025-07-30,2025-07-30,2000-09-29,-0.19514,-0.19514
39,2025-07-30,2025-07-30,2000-10-06,-0.18847,-0.18847
40,2025-07-30,2025-07-30,2000-10-13,-0.18057,-0.18057
41,2025-07-30,2025-07-30,2000-10-20,-0.17404,-0.17404
42,2025-07-30,2025-07-30,2000-10-27,-0.16722,-0.16722
43,2025-07-30,2025-07-30,2000-11-03,-0.15767,-0.15767
44,2025-07-30,2025-07-30,2000-11-10,-0.14439,-0.14439
45,2025-07-30,2025-07-30,2000-11-17,-0.12662,-0.12662
46,2025-07-30,2025-07-30,2000-11-24,-0.10591,-0.10591
47,2025-07-30,2025-07-30,2000-12-01,-0.08535,-0.08535
48,2025-07-30,2025-07-30,2000-12-08,-0.06965,-0.06965
49,2025-07-30,2025-07-30,2000-12-15,-0.06388,-0.06388
50,2025-07-30,2025-07-30,2000-12-22,-0.06893,-0.06893
51,2025-07-30,2025-07-30,2000-12-29,-0.08925,-0.08925
52,2025-07-30,2025-07-30,2001-01-05,-0.11915,-0.11915
53,2025-07-30,2025-07-30,2001-01-12,-0.15518,-0.15518
54,2025-07-30,2025-07-30,2001-01-19,-0.19246,-0.19246
55,2025-07-30,2025-07-30,2001-01-26,-0.22625,-0.22625
56,2025-07-30,2025-07-30,2001-02-02,-0.25363,-0.25363
57,2025-07-30,2025-07-30,2001-02-09,-0.27255,-0.27255
58,2025-07-30,2025-07-30,2001-02-16,-0.28180,-0.2818
59,2025-07-30,2025-07-30,2001-02-23,-0.28103,-0.28103
60,2025-07-30,2025-07-30,2001-03-02,-0.27483,-0.27483
61,2025-07-30,2025-07-30,2001-03-09,-0.26588,-0.26588
62,2025-07-30,2025-07-30,2001-03-16,-0.25673,-0.25673
63,2025-07-30,2025-07-30,2001-03-23,-0.25253,-0.25253
64,2025-07-30,2025-07-30,2001-03-30,-0.25597,-0.25597
65,2025-07-30,2025-07-30,2001-04-06,-0.26572,-0.26572
66,2025-07-30,2025-07-30,2001-04-13,-0.28504,-0.28504
67,2025-07-30,2025-07-30,2001-04-20,-0.30980,-0.3098
68,2025-07-30,2025-07-30,2001-04-27,-0.33697,-0.33697
69,2025-07-30,2025-07-30,2001-05-04,-0.36531,-0.36531
70,2025-07-30,2025-07-30,2001-05-11,-0.39094,-0.39094
71,2025-07-30,2025-07-30,2001-05-18,-0.41095,-0.41095
72,2025-07-30,2025-07-30,2001-05-25,-0.42697,-0.42697
73,2025-07-30,2025-07-30,2001-06-01,-0.43818,-0.43818
74,2025-07-30,2025-07-30,2001-06-08,-0.44577,-0.44577
75,2025-07-30,2025-07-30,2001-06-15,-0.45149,-0.45149
76,2025-07-30,2025-07-30,2001-06-22,-0.45703,-0.45703
77,2025-07-30,2025-07-30,2001-06-29,-0.46372,-0.46372
78,2025-07-30,2025-07-30,2001-07-06,-0.47294,-0.47294
79,2025-07-30,2025-07-30,2001-07-13,-0.48356,-0.48356
80,2025-07-30,2025-07-30,2001-07-20,-0.49432,-0.49432
81,2025-07-30,2025-07-30,2001-07-27,-0.50418,-0.50418
82,2025-07-30,2025-07-30,2001-08-03,-0.50935,-0.50935
83,2025-07-30,2025-07-30,2001-08-10,-0.50538,-0.50538
84,2025-07-30,2025-07-30,2001-08-17,-0.49196,-0.49196
85,2025-07-30,2025-07-30,2001-08-24,-0.46822,-0.46822
86,2025-07-30,2025-07-30,2001-08-31,-0.43767,-0.43767
87,2025-07-30,2025-07-30,2001-09-07,-0.40405,-0.40405
88,2025-07-30,2025-07-30,2001-09-14,-0.37220,-0.3722
89,2025-07-30,2025-07-30,2001-09-21,-0.34990,-0.3499
90,2025-07-30,2025-07-30,2001-09-28,-0.34353,-0.34353
91,2025-07-30,2025-07-30,2001-10-05,-0.34586,-0.34586
92,2025-07-30,2025-07-30,2001-10-12,-0.35736,-0.35736
93,2025-07-30,2025-07-30,2001-10-19,-0.37324,-0.37324
94,2025-07-30,2025-07-30,2001-10-26,-0.39006,-0.39006
95,2025-07-30,2025-07-30,2001-11-02,-0.40193,-0.40193
96,2025-07-30,2025-07-30,2001-11-09,-0.40743,-0.40743
97,2025-07-30,2025-07-30,2001-11-16,-0.40581,-0.40581
98,2025-07-30,2025-07-30,2001-11-23,-0.39566,-0.39566
99,2025-07-30,2025-07-30,2001-11-30,-0.38176,-0.38176
100,2025-07-30,2025-07-30,2001-12-07,-0.36905,-0.36905
101,2025-07-30,2025-07-30,2001-12-14,-0.36271,-0.36271
102,2025-07-30,2025-07-30,2001-12-21,-0.36491,-0.36491
103,2025-07-30,2025-07-30,2001-12-28,-0.37823,-0.37823
104,2025-07-30,2025-07-30,2002-01-04,-0.39842,-0.39842
105,2025-07-30,2025-07-30,2002-01-11,-0.42400,-0.424
106,2025-07-30,2025-07-30,2002-01-18,-0.44954,-0.44954
107,2025-07-30,2025-07-30,2002-01-25,-0.47087,-0.47087
108,2025-07-30,2025-07-30,2002-02-01,-0.48612,-0.48612
109,2025-07-30,2025-07-30,2002-02-08,-0.49519,-0.49519
110,2025-07-30,2025-07-30,2002-02-15,-0.49949,-0.49949
111,2025-07-30,2025-07-30,2002-02-22,-0.49958,-0.49958
112,2025-07-30,2025-07-30,2002-03-01,-0.49880,-0.4988
113,2025-07-30,2025-07-30,2002-03-08,-0.49761,-0.49761
114,2025-07-30,2025-07-30,2002-03-15,-0.49803,-0.49803
115,2025-07-30,2025-07-30,2002-03-22,-0.50209,-0.50209
116,2025-07-30,2025-07-30,2002-03-29,-0.51032,-0.51032
117,2025-07-30,2025-07-30,2002-04-05,-0.52371,-0.52371
118,2025-07-30,2025-07-30,2002-04-12,-0.54244,-0.54244
119,2025-07-30,2025-07-30,2002-04-19,-0.56441,-0.56441
120,2025-07-30,2025-07-30,2002-04-26,-0.58739,-0.58739
121,2025-07-30,2025-07-30,2002-05-03,-0.60985,-0.60985
122,2025-07-30,2025-07-30,2002-05-10,-0.62640,-0.6264
123,2025-07-30,2025-07-30,2002-05-17,-0.63708,-0.63708
124,2025-07-30,2025-07-30,2002-05-24,-0.63907,-0.63907
125,2025-07-30,2025-07-30,2002-05-31,-0.63293,-0.63293
126,2025-07-30,2025-07-30,2002-06-07,-0.61872,-0.61872
127,2025-07-30,2025-07-30,2002-06-14,-0.59827,-0.59827
128,2025-07-30,2025-07-30,2002-06-21,-0.57341,-0.57341
129,2025-07-30,2025-07-30,2002-06-28,-0.54594,-0.54594
130,2025-07-30,2025-07-30,2002-07-05,-0.51803,-0.51803
131,2025-07-30,2025-07-30,2002-07-12,-0.49081,-0.49081
132,2025-07-30,2025-07-30,2002-07-19,-0.46711,-0.46711
133,2025-07-30,2025-07-30,2002-07-26,-0.44675,-0.44675
134,2025-07-30,2025-07-30,2002-08-02,-0.43261,-0.43261
135,2025-07-30,2025-07-30,2002-08-09,-0.42146,-0.42146
136,2025-07-30,2025-07-30,2002-08-16,-0.41414,-0.41414
137,2025-07-30,2025-07-30,2002-08-23,-0.40616,-0.40616
138,2025-07-30,2025-07-30,2002-08-30,-0.39779,-0.39779
139,2025-07-30,2025-07-30,2002-09-06,-0.38718,-0.38718
140,2025-07-30,2025-07-30,2002-09-13,-0.37647,-0.37647
141,2025-07-30,2025-07-30,2002-09-20,-0.36685,-0.36685
142,2025-07-30,2025-07-30,2002-09-27,-0.36091,-0.36091
143,2025-07-30,2025-07-30,2002-10-04,-0.36015,-0.36015
144,2025-07-30,2025-07-30,2002-10-11,-0.36595,-0.36595
145,2025-07-30,2025-07-30,2002-10-18,-0.37860,-0.3786
146,2025-07-30,2025-07-30,2002-10-25,-0.39424,-0.39424
147,2025-07-30,2025-07-30,2002-11-01,-0.41273,-0.41273
148,2025-07-30,2025-07-30,2002-11-08,-0.43055,-0.43055
149,2025-07-30,2025-07-30,2002-11-15,-0.44593,-0.44593
150,2025-07-30,2025-07-30,2002-11-22,-0.45662,-0.45662
151,2025-07-30,2025-07-30,2002-11-29,-0.46287,-0.46287
152,2025-07-30,2025-07-30,2002-12-06,-0.46526,-0.46526
153,2025-07-30,2025-07-30,2002-12-13,-0.46853,-0.46853
154,2025-07-30,2025-07-30,2002-12-20,-0.47233,-0.47233
155,2025-07-30,2025-07-30,2002-12-27,-0.47905,-0.47905
156,2025-07-30,2025-07-30,2003-01-03,-0.48978,-0.48978
157,2025-07-30,2025-07-30,2003-01-10,-0.50305,-0.50305
158,2025-07-30,2025-07-30,2003-01-17,-0.51557,-0.51557
159,2025-07-30,2025-07-30,2003-01-24,-0.52532,-0.52532
160,2025-07-30,2025-07-30,2003-01-31,-0.53256,-0.53256
161,2025-07-30,2025-07-30,2003-02-07,-0.53648,-0.53648
162,2025-07-30,2025-07-30,2003-02-14,-0.53907,-0.53907
163,2025-07-30,2025-07-30,2003-02-21,-0.54166,-0.54166
164,2025-07-30,2025-07-30,2003-02-28,-0.54582,-0.54582
165,2025-07-30,2025-07-30,2003-03-07,-0.55236,-0.55236
166,2025-07-30,2025-07-30,2003-03-14,-0.56235,-0.56235
167,2025-07-30,2025-07-30,2003-03-21,-0.57706,-0.57706
168,2025-07-30,2025-07-30,2003-03-28,-0.59666,-0.59666
169,2025-07-30,2025-07-30,2003-04-04,-0.62000,-0.62
170,2025-07-30,2025-07-30,2003-04-11,-0.64558,-0.64558
171,2025-07-30,2025-07-30,2003-04-18,-0.67022,-0.67022
172,2025-07-30,2025-07-30,2003-04-25,-0.69161,-0.69161
173,2025-07-30,2025-07-30,2003-05-02,-0.70791,-0.70791
174,2025-07-30,2025-07-30,2003-05-09,-0.71755,-0.71755
175,2025-07-30,2025-07-30,2003-05-16,-0.72200,-0.722
176,2025-07-30,2025-07-30,2003-05-23,-0.72245,-0.72245
177,2025-07-30,2025-07-30,2003-05-30,-0.72104,-0.72104
178,2025-07-30,2025-07-30,2003-06-06,-0.71915,-0.71915
179,2025-07-30,2025-07-30,2003-06-13,-0.71845,-0.71845
180,2025-07-30,2025-07-30,2003-06-20,-0.71991,-0.71991
181,2025-07-30,2025-07-30,2003-06-27,-0.72256,-0.72256
182,2025-07-30,2025-07-30,2003-07-04,-0.72553,-0.72553
183,2025-07-30,2025-07-30,2003-07-11,-0.72711,-0.72711
184,2025-07-30,2025-07-30,2003-07-18,-0.72541,-0.72541
185,2025-07-30,2025-07-30,2003-07-25,-0.72043,-0.72043
186,2025-07-30,2025-07-30,2003-08-01,-0.71056,-0.71056
187,2025-07-30,2025-07-30,2003-08-08,-0.70037,-0.70037
188,2025-07-30,2025-07-30,2003-08-15,-0.69030,-0.6903
189,2025-07-30,2025-07-30,2003-08-22,-0.68213,-0.68213
190,2025-07-30,2025-07-30,2003-08-29,-0.67690,-0.6769
191,2025-07-30,2025-07-30,2003-09-05,-0.67537,-0.67537
192,2025-07-30,2025-07-30,2003-09-12,-0.67764,-0.67764
193,2025-07-30,2025-07-30,2003-09-19,-0.68295,-0.68295
194,2025-07-30,2025-07-30,2003-09-26,-0.68990,-0.6899
195,2025-07-30,2025-07-30,2003-10-03,-0.69772,-0.69772
196,2025-07-30,2025-07-30,2003-10-10,-0.70632,-0.70632
197,2025-07-30,2025-07-30,2003-10-17,-0.71429,-0.71429
198,2025-07-30,2025-07-30,2003-10-24,-0.71992,-0.71992
199,2025-07-30,2025-07-30,2003-10-31,-0.72435,-0.72435
200,2025-07-30,2025-07-30,2003-11-07,-0.72642,-0.72642
201,2025-07-30,2025-07-30,2003-11-14,-0.72651,-0.72651
202,2025-07-30,2025-07-30,2003-11-21,-0.72524,-0.72524
203,2025-07-30,2025-07-30,2003-11-28,-0.72388,-0.72388
204,2025-07-30,2025-07-30,2003-12-05,-0.72199,-0.72199
205,2025-07-30,2025-07-30,2003-12-12,-0.72276,-0.72276
206,2025-07-30,2025-07-30,2003-12-19,-0.72611,-0.72611
207,2025-07-30,2025-07-30,2003-12-26,-0.73242,-0.73242
208,2025-07-30,2025-07-30,2004-01-02,-0.74237,-0.74237
209,2025-07-30,2025-07-30,2004-01-09,-0.75561,-0.75561
210,2025-07-30,2025-07-30,2004-01-16,-0.76950,-0.7695
211,2025-07-30,2025-07-30,2004-01-23,-0.78285,-0.78285
212,2025-07-30,2025-07-30,2004-01-30,-0.79513,-0.79513
213,2025-07-30,2025-07-30,2004-02-06,-0.80506,-0.80506
214,2025-07-30,2025-07-30,2004-02-13,-0.81376,-0.81376
215,2025-07-30,2025-07-30,2004-02-20,-0.81987,-0.81987
216,2025-07-30,2025-07-30,2004-02-27,-0.82336,-0.82336
217,2025-07-30,2025-07-30,2004-03-05,-0.82403,-0.82403
218,2025-07-30,2025-07-30,2004-03-12,-0.82259,-0.82259
219,2025-07-30,2025-07-30,2004-03-19,-0.81847,-0.81847
220,2025-07-30,2025-07-30,2004-03-26,-0.81190,-0.8119
221,2025-07-30,2025-07-30,2004-04-02,-0.80345,-0.80345
222,2025-07-30,2025-07-30,2004-04-09,-0.79240,-0.7924
223,2025-07-30,2025-07-30,2004-04-16,-0.77890,-0.7789
224,2025-07-30,2025-07-30,2004-04-23,-0.76358,-0.76358
225,2025-07-30,2025-07-30,2004-04-30,-0.74807,-0.74807
226,2025-07-30,2025-07-30,2004-05-07,-0.73305,-0.73305
227,2025-07-30,2025-07-30,2004-05-14,-0.72026,-0.72026
228,2025-07-30,2025-07-30,2004-05-21,-0.71010,-0.7101
229,2025-07-30,2025-07-30,2004-05-28,-0.70287,-0.70287
230,2025-07-30,2025-07-30,2004-06-04,-0.69798,-0.69798
231,2025-07-30,2025-07-30,2004-06-11,-0.69526,-0.69526
232,2025-07-30,2025-07-30,2004-06-18,-0.69380,-0.6938
233,2025-07-30,2025-07-30,2004-06-25,-0.69419,-0.69419
234,2025-07-30,2025-07-30,2004-07-02,-0.69550,-0.6955
235,2025-07-30,2025-07-30,2004-07-09,-0.69749,-0.69749
236,2025-07-30,2025-07-30,2004-07-16,-0.69927,-0.69927
237,2025-07-30,2025-07-30,2004-07-23,-0.70130,-0.7013
238,2025-07-30,2025-07-30,2004-07-30,-0.70339,-0.70339
239,2025-07-30,2025-07-30,2004-08-06,-0.70458,-0.70458
240,2025-07-30,2025-07-30,2004-08-13,-0.70640,-0.7064
241,2025-07-30,2025-07-30,2004-08-20,-0.70766,-0.70766
242,2025-07-30,2025-07-30,2004-08-27,-0.70867,-0.70867
243,2025-07-30,2025-07-30,2004-09-03,-0.70829,-0.70829
244,2025-07-30,2025-07-30,2004-09-10,-0.70810,-0.7081
245,2025-07-30,2025-07-30,2004-09-17,-0.70770,-0.7077
246,2025-07-30,2025-07-30,2004-09-24,-0.70705,-0.70705
247,2025-07-30,2025-07-30,2004-10-01,-0.70624,-0.70624
248,2025-07-30,2025-07-30,2004-10-08,-0.70614,-0.70614
249,2025-07-30,2025-07-30,2004-10-15,-0.70685,-0.70685
250,2025-07-30,2025-07-30,2004-10-22,-0.70945,-0.70945
251,2025-07-30,2025-07-30,2004-10-29,-0.71260,-0.7126
252,2025-07-30,2025-07-30,2004-11-05,-0.71616,-0.71616
253,2025-07-30,2025-07-30,2004-11-12,-0.72035,-0.72035
254,2025-07-30,2025-07-30,2004-11-19,-0.72250,-0.7225
255,2025-07-30,2025-07-30,2004-11-26,-0.72308,-0.72308
256,2025-07-30,2025-07-30,2004-12-03,-0.72140,-0.7214
257,2025-07-30,2025-07-30,2004-12-10,-0.71829,-0.71829
258,2025-07-30,2025-07-30,2004-12-17,-0.71342,-0.71342
259,2025-07-30,2025-07-30,2004-12-24,-0.70810,-0.7081
260,2025-07-30,2025-07-30,2004-12-31,-0.70391,-0.70391
261,2025-07-30,2025-07-30,2005-01-07,-0.70155,-0.70155
262,2025-07-30,2025-07-30,2005-01-14,-0.70202,-0.70202
263,2025-07-30,2025-07-30,2005-01-21,-0.70453,-0.70453
264,2025-07-30,2025-07-30,2005-01-28,-0.70914,-0.70914
265,2025-07-30,2025-07-30,2005-02-04,-0.71466,-0.71466
266,2025-07-30,2025-07-30,2005-02-11,-0.71863,-0.71863
267,2025-07-30,2025-07-30,2005-02-18,-0.71941,-0.71941
268,2025-07-30,2025-07-30,2005-02-25,-0.71659,-0.71659
269,2025-07-30,2025-07-30,2005-03-04,-0.70954,-0.70954
270,2025-07-30,2025-07-30,2005-03-11,-0.69915,-0.69915
271,2025-07-30,2025-07-30,2005-03-18,-0.68570,-0.6857
272,2025-07-30,2025-07-30,2005-03-25,-0.67111,-0.67111
273,2025-07-30,2025-07-30,2005-04-01,-0.65659,-0.65659
274,2025-07-30,2025-07-30,2005-04-08,-0.64316,-0.64316
275,2025-07-30,2025-07-30,2005-04-15,-0.63137,-0.63137
276,2025-07-30,2025-07-30,2005-04-22,-0.62184,-0.62184
277,2025-07-30,2025-07-30,2005-04-29,-0.61474,-0.61474
278,2025-07-30,2025-07-30,2005-05-06,-0.60956,-0.60956
279,2025-07-30,2025-07-30,2005-05-13,-0.60592,-0.60592
280,2025-07-30,2025-07-30,2005-05-20,-0.60429,-0.60429
281,2025-07-30,2025-07-30,2005-05-27,-0.60466,-0.60466
282,2025-07-30,2025-07-30,2005-06-03,-0.60535,-0.60535
283,2025-07-30,2025-07-30,2005-06-10,-0.60680,-0.6068
284,2025-07-30,2025-07-30,2005-06-17,-0.60798,-0.60798
285,2025-07-30,2025-07-30,2005-06-24,-0.60952,-0.60952
286,2025-07-30,2025-07-30,2005-07-01,-0.61144,-0.61144
287,2025-07-30,2025-07-30,2005-07-08,-0.61293,-0.61293
288,2025-07-30,2025-07-30,2005-07-15,-0.61585,-0.61585
289,2025-07-30,2025-07-30,2005-07-22,-0.61777,-0.61777
290,2025-07-30,2025-07-30,2005-07-29,-0.61883,-0.61883
291,2025-07-30,2025-07-30,2005-08-05,-0.61773,-0.61773
292,2025-07-30,2025-07-30,2005-08-12,-0.61517,-0.61517
293,2025-07-30,2025-07-30,2005-08-19,-0.61004,-0.61004
294,2025-07-30,2025-07-30,2005-08-26,-0.60331,-0.60331
295,2025-07-30,2025-07-30,2005-09-02,-0.59535,-0.59535
296,2025-07-30,2025-07-30,2005-09-09,-0.58745,-0.58745
297,2025-07-30,2025-07-30,2005-09-16,-0.57995,-0.57995
298,2025-07-30,2025-07-30,2005-09-23,-0.57402,-0.57402
299,2025-07-30,2025-07-30,2005-09-30,-0.57087,-0.57087
300,2025-07-30,2025-07-30,2005-10-07,-0.57160,-0.5716
301,2025-07-30,2025-07-30,2005-10-14,-0.57571,-0.57571
302,2025-07-30,2025-07-30,2005-10-21,-0.58155,-0.58155
303,2025-07-30,2025-07-30,2005-10-28,-0.58773,-0.58773
304,2025-07-30,2025-07-30,2005-11-04,-0.59168,-0.59168
305,2025-07-30,2025-07-30,2005-11-11,-0.59310,-0.5931
306,2025-07-30,2025-07-30,2005-11-18,-0.59042,-0.59042
307,2025-07-30,2025-07-30,2005-11-25,-0.58532,-0.58532
308,2025-07-30,2025-07-30,2005-12-02,-0.57853,-0.57853
309,2025-07-30,2025-07-30,2005-12-09,-0.57184,-0.57184
310,2025-07-30,2025-07-30,2005-12-16,-0.56681,-0.56681
311,2025-07-30,2025-07-30,2005-12-23,-0.56527,-0.56527
312,2025-07-30,2025-07-30,2005-12-30,-0.56699,-0.56699
313,2025-07-30,2025-07-30,2006-01-06,-0.57323,-0.57323
314,2025-07-30,2025-07-30,2006-01-13,-0.58317,-0.58317
315,2025-07-30,2025-07-30,2006-01-20,-0.59391,-0.59391
316,2025-07-30,2025-07-30,2006-01-27,-0.60619,-0.60619
317,2025-07-30,2025-07-30,2006-02-03,-0.61706,-0.61706
318,2025-07-30,2025-07-30,2006-02-10,-0.62566,-0.62566
319,2025-07-30,2025-07-30,2006-02-17,-0.63226,-0.63226
320,2025-07-30,2025-07-30,2006-02-24,-0.63633,-0.63633
321,2025-07-30,2025-07-30,2006-03-03,-0.63742,-0.63742
322,2025-07-30,2025-07-30,2006-03-10,-0.63683,-0.63683
323,2025-07-30,2025-07-30,2006-03-17,-0.63538,-0.63538
324,2025-07-30,2025-07-30,2006-03-24,-0.63377,-0.63377
325,2025-07-30,2025-07-30,2006-03-31,-0.63118,-0.63118
326,2025-07-30,2025-07-30,2006-04-07,-0.62900,-0.629
327,2025-07-30,2025-07-30,2006-04-14,-0.62662,-0.62662
328,2025-07-30,2025-07-30,2006-04-21,-0.62482,-0.62482
329,2025-07-30,2025-07-30,2006-04-28,-0.62204,-0.62204
330,2025-07-30,2025-07-30,2006-05-05,-0.61673,-0.61673
331,2025-07-30,2025-07-30,2006-05-12,-0.60937,-0.60937
332,2025-07-30,2025-07-30,2006-05-19,-0.59787,-0.59787
333,2025-07-30,2025-07-30,2006-05-26,-0.58436,-0.58436
334,2025-07-30,2025-07-30,2006-06-02,-0.56996,-0.56996
335,2025-07-30,2025-07-30,2006-06-09,-0.55608,-0.55608
336,2025-07-30,2025-07-30,2006-06-16,-0.54345,-0.54345
337,2025-07-30,2025-07-30,2006-06-23,-0.53438,-0.53438
338,2025-07-30,2025-07-30,2006-06-30,-0.53022,-0.53022
339,2025-07-30,2025-07-30,2006-07-07,-0.53083,-0.53083
340,2025-07-30,2025-07-30,2006-07-14,-0.53669,-0.53669
341,2025-07-30,2025-07-30,2006-07-21,-0.54693,-0.54693
342,2025-07-30,2025-07-30,2006-07-28,-0.56061,-0.56061
343,2025-07-30,2025-07-30,2006-08-04,-0.57488,-0.57488
344,2025-07-30,2025-07-30,2006-08-11,-0.58811,-0.58811
345,2025-07-30,2025-07-30,2006-08-18,-0.59866,-0.59866
346,2025-07-30,2025-07-30,2006-08-25,-0.60550,-0.6055
347,2025-07-30,2025-07-30,2006-09-01,-0.60836,-0.60836
348,2025-07-30,2025-07-30,2006-09-08,-0.60836,-0.60836
349,2025-07-30,2025-07-30,2006-09-15,-0.60717,-0.60717
350,2025-07-30,2025-07-30,2006-09-22,-0.60656,-0.60656
351,2025-07-30,2025-07-30,2006-09-29,-0.60759,-0.60759
352,2025-07-30,2025-07-30,2006-10-06,-0.61116,-0.61116
353,2025-07-30,2025-07-30,2006-10-13,-0.61734,-0.61734
354,2025-07-30,2025-07-30,2006-10-20,-0.62402,-0.62402
355,2025-07-30,2025-07-30,2006-10-27,-0.63043,-0.63043
356,2025-07-30,2025-07-30,2006-11-03,-0.63418,-0.63418
357,2025-07-30,2025-07-30,2006-11-10,-0.63547,-0.63547
358,2025-07-30,2025-07-30,2006-11-17,-0.63402,-0.63402
359,2025-07-30,2025-07-30,2006-11-24,-0.63045,-0.63045
360,2025-07-30,2025-07-30,2006-12-01,-0.62614,-0.62614
361,2025-07-30,2025-07-30,2006-12-08,-0.62332,-0.62332
362,2025-07-30,2025-07-30,2006-12-15,-0.62392,-0.62392
363,2025-07-30,2025-07-30,2006-12-22,-0.62851,-0.62851
364,2025-07-30,2025-07-30,2006-12-29,-0.63709,-0.63709
365,2025-07-30,2025-07-30,2007-01-05,-0.64910,-0.6491
366,2025-07-30,2025-07-30,2007-01-12,-0.66238,-0.66238
367,2025-07-30,2025-07-30,2007-01-19,-0.67484,-0.67484
368,2025-07-30,2025-07-30,2007-01-26,-0.68433,-0.68433
369,2025-07-30,2025-07-30,2007-02-02,-0.68802,-0.68802
370,2025-07-30,2025-07-30,2007-02-09,-0.68643,-0.68643
371,2025-07-30,2025-07-30,2007-02-16,-0.67850,-0.6785
372,2025-07-30,2025-07-30,2007-02-23,-0.66578,-0.66578
373,2025-07-30,2025-07-30,2007-03-02,-0.64987,-0.64987
374,2025-07-30,2025-07-30,2007-03-09,-0.63524,-0.63524
375,2025-07-30,2025-07-30,2007-03-16,-0.62298,-0.62298
376,2025-07-30,2025-07-30,2007-03-23,-0.61465,-0.61465
377,2025-07-30,2025-07-30,2007-03-30,-0.60878,-0.60878
378,2025-07-30,2025-07-30,2007-04-06,-0.60502,-0.60502
379,2025-07-30,2025-07-30,2007-04-13,-0.60138,-0.60138
380,2025-07-30,2025-07-30,2007-04-20,-0.59692,-0.59692
381,2025-07-30,2025-07-30,2007-04-27,-0.59026,-0.59026
382,2025-07-30,2025-07-30,2007-05-04,-0.58129,-0.58129
383,2025-07-30,2025-07-30,2007-05-11,-0.57250,-0.5725
384,2025-07-30,2025-07-30,2007-05-18,-0.56324,-0.56324
385,2025-07-30,2025-07-30,2007-05-25,-0.55444,-0.55444
386,2025-07-30,2025-07-30,2007-06-01,-0.54779,-0.54779
387,2025-07-30,2025-07-30,2007-06-08,-0.54470,-0.5447
388,2025-07-30,2025-07-30,2007-06-15,-0.54111,-0.54111
389,2025-07-30,2025-07-30,2007-06-22,-0.53601,-0.53601
390,2025-07-30,2025-07-30,2007-06-29,-0.52432,-0.52432
391,2025-07-30,2025-07-30,2007-07-06,-0.49999,-0.49999
392,2025-07-30,2025-07-30,2007-07-13,-0.45567,-0.45567
393,2025-07-30,2025-07-30,2007-07-20,-0.38749,-0.38749
394,2025-07-30,2025-07-30,2007-07-27,-0.29364,-0.29364
395,2025-07-30,2025-07-30,2007-08-03,-0.18142,-0.18142
396,2025-07-30,2025-07-30,2007-08-10,-0.06073,-0.06073
397,2025-07-30,2025-07-30,2007-08-17,0.05816,0.05816
398,2025-07-30,2025-07-30,2007-08-24,0.15349,0.15349
399,2025-07-30,2025-07-30,2007-08-31,0.20558,0.20558
400,2025-07-30,2025-07-30,2007-09-07,0.22171,0.22171
401,2025-07-30,2025-07-30,2007-09-14,0.19778,0.19778
402,2025-07-30,2025-07-30,2007-09-21,0.14041,0.14041
403,2025-07-30,2025-07-30,2007-09-28,0.07456,0.07456
404,2025-07-30,2025-07-30,2007-10-05,0.01327,0.01327
405,2025-07-30,2025-07-30,2007-10-12,-0.02766,-0.02766
406,2025-07-30,2025-07-30,2007-10-19,-0.03482,-0.03482
407,2025-07-30,2025-07-30,2007-10-26,-0.00419,-0.00419
408,2025-07-30,2025-07-30,2007-11-02,0.06289,0.06289
409,2025-07-30,2025-07-30,2007-11-09,0.16142,0.16142
410,2025-07-30,2025-07-30,2007-11-16,0.27274,0.27274
411,2025-07-30,2025-07-30,2007-11-23,0.38570,0.3857
412,2025-07-30,2025-07-30,2007-11-30,0.47927,0.47927
413,2025-07-30,2025-07-30,2007-12-07,0.54223,0.54223
414,2025-07-30,2025-07-30,2007-12-14,0.56859,0.56859
415,2025-07-30,2025-07-30,2007-12-21,0.55766,0.55766
416,2025-07-30,2025-07-30,2007-12-28,0.51730,0.5173
417,2025-07-30,2025-07-30,2008-01-04,0.46888,0.46888
418,2025-07-30,2025-07-30,2008-01-11,0.42327,0.42327
419,2025-07-30,2025-07-30,2008-01-18,0.39908,0.39908
420,2025-07-30,2025-07-30,2008-01-25,0.40643,0.40643
421,2025-07-30,2025-07-30,2008-02-01,0.43614,0.43614
422,2025-07-30,2025-07-30,2008-02-08,0.49789,0.49789
423,2025-07-30,2025-07-30,2008-02-15,0.58312,0.58312
424,2025-07-30,2025-07-30,2008-02-22,0.68276,0.68276
425,2025-07-30,2025-07-30,2008-02-29,0.78333,0.78333
426,2025-07-30,2025-07-30,2008-03-07,0.87530,0.8753
427,2025-07-30,2025-07-30,2008-03-14,0.93654,0.93654
428,2025-07-30,2025-07-30,2008-03-21,0.96101,0.96101
429,2025-07-30,2025-07-30,2008-03-28,0.93977,0.93977
430,2025-07-30,2025-07-30,2008-04-04,0.88619,0.88619
431,2025-07-30,2025-07-30,2008-04-11,0.81193,0.81193
432,2025-07-30,2025-07-30,2008-04-18,0.72929,0.72929
433,2025-07-30,2025-07-30,2008-04-25,0.64336,0.64336
434,2025-07-30,2025-07-30,2008-05-02,0.56810,0.5681
435,2025-07-30,2025-07-30,2008-05-09,0.51354,0.51354
436,2025-07-30,2025-07-30,2008-05-16,0.48122,0.48122
437,2025-07-30,2025-07-30,2008-05-23,0.47663,0.47663
438,2025-07-30,2025-07-30,2008-05-30,0.49827,0.49827
439,2025-07-30,2025-07-30,2008-06-06,0.54457,0.54457
440,2025-07-30,2025-07-30,2008-06-13,0.59896,0.59896
441,2025-07-30,2025-07-30,2008-06-20,0.65580,0.6558
442,2025-07-30,2025-07-30,2008-06-27,0.70851,0.70851
443,2025-07-30,2025-07-30,2008-07-04,0.74123,0.74123
444,2025-07-30,2025-07-30,2008-07-11,0.75034,0.75034
445,2025-07-30,2025-07-30,2008-07-18,0.74047,0.74047
446,2025-07-30,2025-07-30,2008-07-25,0.71172,0.71172
447,2025-07-30,2025-07-30,2008-08-01,0.68028,0.68028
448,2025-07-30,2025-07-30,2008-08-08,0.66391,0.66391
449,2025-07-30,2025-07-30,2008-08-15,0.67070,0.6707
450,2025-07-30,2025-07-30,2008-08-22,0.72589,0.72589
451,2025-07-30,2025-07-30,2008-08-29,0.83349,0.83349
452,2025-07-30,2025-07-30,2008-09-05,1.00075,1.00075
453,2025-07-30,2025-07-30,2008-09-12,1.22149,1.22149
454,2025-07-30,2025-07-30,2008-09-19,1.50587,1.50587
455,2025-07-30,2025-07-30,2008-09-26,1.78681,1.78681
456,2025-07-30,2025-07-30,2008-10-03,2.06694,2.06694
457,2025-07-30,2025-07-30,2008-10-10,2.31780,2.3178
458,2025-07-30,2025-07-30,2008-10-17,2.51204,2.51204
459,2025-07-30,2025-07-30,2008-10-24,2.65206,2.65206
460,2025-07-30,2025-07-30,2008-10-31,2.77153,2.77153
461,2025-07-30,2025-07-30,2008-11-07,2.86212,2.86212
462,2025-07-30,2025-07-30,2008-11-14,2.94068,2.94068
463,2025-07-30,2025-07-30,2008-11-21,3.01625,3.01625
464,2025-07-30,2025-07-30,2008-11-28,3.04218,3.04218
465,2025-07-30,2025-07-30,2008-12-05,3.03531,3.03531
466,2025-07-30,2025-07-30,2008-12-12,2.97175,2.97175
467,2025-07-30,2025-07-30,2008-12-19,2.84797,2.84797
468,2025-07-30,2025-07-30,2008-12-26,2.68908,2.68908
469,2025-07-30,2025-07-30,2009-01-02,2.53729,2.53729
470,2025-07-30,2025-07-30,2009-01-09,2.38534,2.38534
471,2025-07-30,2025-07-30,2009-01-16,2.26232,2.26232
472,2025-07-30,2025-07-30,2009-01-23,2.17303,2.17303
473,2025-07-30,2025-07-30,2009-01-30,2.11402,2.11402
474,2025-07-30,2025-07-30,2009-02-06,2.08416,2.08416
475,2025-07-30,2025-07-30,2009-02-13,2.08524,2.08524
476,2025-07-30,2025-07-30,2009-02-20,2.10227,2.10227
477,2025-07-30,2025-07-30,2009-02-27,2.11869,2.11869
478,2025-07-30,2025-07-30,2009-03-06,2.12280,2.1228
479,2025-07-30,2025-07-30,2009-03-13,2.08503,2.08503
480,2025-07-30,2025-07-30,2009-03-20,2.01212,2.01212
481,2025-07-30,2025-07-30,2009-03-27,1.90670,1.9067
482,2025-07-30,2025-07-30,2009-04-03,1.78230,1.7823
483,2025-07-30,2025-07-30,2009-04-10,1.64241,1.64241
484,2025-07-30,2025-07-30,2009-04-17,1.50089,1.50089
485,2025-07-30,2025-07-30,2009-04-24,1.36220,1.3622
486,2025-07-30,2025-07-30,2009-05-01,1.22739,1.22739
487,2025-07-30,2025-07-30,2009-05-08,1.10369,1.10369
488,2025-07-30,2025-07-30,2009-05-15,1.00264,1.00264
489,2025-07-30,2025-07-30,2009-05-22,0.91867,0.91867
490,2025-07-30,2025-07-30,2009-05-29,0.85946,0.85946
491,2025-07-30,2025-07-30,2009-06-05,0.81207,0.81207
492,2025-07-30,2025-07-30,2009-06-12,0.77621,0.77621
493,2025-07-30,2025-07-30,2009-06-19,0.74604,0.74604
494,2025-07-30,2025-07-30,2009-06-26,0.70934,0.70934
495,2025-07-30,2025-07-30,2009-07-03,0.66417,0.66417
496,2025-07-30,2025-07-30,2009-07-10,0.60954,0.60954
497,2025-07-30,2025-07-30,2009-07-17,0.54328,0.54328
498,2025-07-30,2025-07-30,2009-07-24,0.47221,0.47221
499,2025-07-30,2025-07-30,2009-07-31,0.40404,0.40404
500,2025-07-30,2025-07-30,2009-08-07,0.34476,0.34476
501,2025-07-30,2025-07-30,2009-08-14,0.29644,0.29644
502,2025-07-30,2025-07-30,2009-08-21,0.25639,0.25639
503,2025-07-30,2025-07-30,2009-08-28,0.22000,0.22
504,2025-07-30,2025-07-30,2009-09-04,0.18796,0.18796
505,2025-07-30,2025-07-30,2009-09-11,0.15483,0.15483
506,2025-07-30,2025-07-30,2009-09-18,0.12179,0.12179
507,2025-07-30,2025-07-30,2009-09-25,0.09281,0.09281
508,2025-07-30,2025-07-30,2009-10-02,0.07067,0.07067
509,2025-07-30,2025-07-30,2009-10-09,0.04992,0.04992
510,2025-07-30,2025-07-30,2009-10-16,0.03300,0.033
511,2025-07-30,2025-07-30,2009-10-23,0.01995,0.01995
512,2025-07-30,2025-07-30,2009-10-30,0.01242,0.01242
513,2025-07-30,2025-07-30,2009-11-06,0.00381,0.00381
514,2025-07-30,2025-07-30,2009-11-13,-0.00786,-0.00786
515,2025-07-30,2025-07-30,2009-11-20,-0.02170,-0.0217
516,2025-07-30,2025-07-30,2009-11-27,-0.04028,-0.04028
517,2025-07-30,2025-07-30,2009-12-04,-0.06511,-0.06511
518,2025-07-30,2025-07-30,2009-12-11,-0.09641,-0.09641
519,2025-07-30,2025-07-30,2009-12-18,-0.12945,-0.12945
520,2025-07-30,2025-07-30,2009-12-25,-0.16059,-0.16059
521,2025-07-30,2025-07-30,2010-01-01,-0.18583,-0.18583
522,2025-07-30,2025-07-30,2010-01-08,-0.20615,-0.20615
523,2025-07-30,2025-07-30,2010-01-15,-0.21542,-0.21542
524,2025-07-30,2025-07-30,2010-01-22,-0.21363,-0.21363
525,2025-07-30,2025-07-30,2010-01-29,-0.20889,-0.20889
526,2025-07-30,2025-07-30,2010-02-05,-0.20453,-0.20453
527,2025-07-30,2025-07-30,2010-02-12,-0.20716,-0.20716
528,2025-07-30,2025-07-30,2010-02-19,-0.22387,-0.22387
529,2025-07-30,2025-07-30,2010-02-26,-0.25235,-0.25235
530,2025-07-30,2025-07-30,2010-03-05,-0.29208,-0.29208
531,2025-07-30,2025-07-30,2010-03-12,-0.33842,-0.33842
532,2025-07-30,2025-07-30,2010-03-19,-0.38428,-0.38428
533,2025-07-30,2025-07-30,2010-03-26,-0.42528,-0.42528
534,2025-07-30,2025-07-30,2010-04-02,-0.45380,-0.4538
535,2025-07-30,2025-07-30,2010-04-09,-0.46562,-0.46562
536,2025-07-30,2025-07-30,2010-04-16,-0.45431,-0.45431
537,2025-07-30,2025-07-30,2010-04-23,-0.41849,-0.41849
538,2025-07-30,2025-07-30,2010-04-30,-0.35904,-0.35904
539,2025-07-30,2025-07-30,2010-05-07,-0.28163,-0.28163
540,2025-07-30,2025-07-30,2010-05-14,-0.20493,-0.20493
541,2025-07-30,2025-07-30,2010-05-21,-0.13142,-0.13142
542,2025-07-30,2025-07-30,2010-05-28,-0.07662,-0.07662
543,2025-07-30,2025-07-30,2010-06-04,-0.04553,-0.04553
544,2025-07-30,2025-07-30,2010-06-11,-0.03655,-0.03655
545,2025-07-30,2025-07-30,2010-06-18,-0.05148,-0.05148
546,2025-07-30,2025-07-30,2010-06-25,-0.07918,-0.07918
547,2025-07-30,2025-07-30,2010-07-02,-0.11387,-0.11387
548,2025-07-30,2025-07-30,2010-07-09,-0.15585,-0.15585
549,2025-07-30,2025-07-30,2010-07-16,-0.19639,-0.19639
550,2025-07-30,2025-07-30,2010-07-23,-0.22967,-0.22967
551,2025-07-30,2025-07-30,2010-07-30,-0.25415,-0.25415
552,2025-07-30,2025-07-30,2010-08-06,-0.26838,-0.26838
553,2025-07-30,2025-07-30,2010-08-13,-0.27313,-0.27313
554,2025-07-30,2025-07-30,2010-08-20,-0.27443,-0.27443
555,2025-07-30,2025-07-30,2010-08-27,-0.27654,-0.27654
556,2025-07-30,2025-07-30,2010-09-03,-0.28383,-0.28383
557,2025-07-30,2025-07-30,2010-09-10,-0.29867,-0.29867
558,2025-07-30,2025-07-30,2010-09-17,-0.31796,-0.31796
559,2025-07-30,2025-07-30,2010-09-24,-0.33993,-0.33993
560,2025-07-30,2025-07-30,2010-10-01,-0.36410,-0.3641
561,2025-07-30,2025-07-30,2010-10-08,-0.38798,-0.38798
562,2025-07-30,2025-07-30,2010-10-15,-0.40983,-0.40983
563,2025-07-30,2025-07-30,2010-10-22,-0.42737,-0.42737
564,2025-07-30,2025-07-30,2010-10-29,-0.44114,-0.44114
565,2025-07-30,2025-07-30,2010-11-05,-0.45029,-0.45029
566,2025-07-30,2025-07-30,2010-11-12,-0.45365,-0.45365
567,2025-07-30,2025-07-30,2010-11-19,-0.45578,-0.45578
568,2025-07-30,2025-07-30,2010-11-26,-0.45824,-0.45824
569,2025-07-30,2025-07-30,2010-12-03,-0.46409,-0.46409
570,2025-07-30,2025-07-30,2010-12-10,-0.47588,-0.47588
571,2025-07-30,2025-07-30,2010-12-17,-0.49114,-0.49114
572,2025-07-30,2025-07-30,2010-12-24,-0.51051,-0.51051
573,2025-07-30,2025-07-30,2010-12-31,-0.53165,-0.53165
574,2025-07-30,2025-07-30,2011-01-07,-0.55330,-0.5533
575,2025-07-30,2025-07-30,2011-01-14,-0.57360,-0.5736
576,2025-07-30,2025-07-30,2011-01-21,-0.59100,-0.591
577,2025-07-30,2025-07-30,2011-01-28,-0.60298,-0.60298
578,2025-07-30,2025-07-30,2011-02-04,-0.60783,-0.60783
579,2025-07-30,2025-07-30,2011-02-11,-0.60609,-0.60609
580,2025-07-30,2025-07-30,2011-02-18,-0.59650,-0.5965
581,2025-07-30,2025-07-30,2011-02-25,-0.58132,-0.58132
582,2025-07-30,2025-07-30,2011-03-04,-0.56759,-0.56759
583,2025-07-30,2025-07-30,2011-03-11,-0.55698,-0.55698
584,2025-07-30,2025-07-30,2011-03-18,-0.55140,-0.5514
585,2025-07-30,2025-07-30,2011-03-25,-0.55637,-0.55637
586,2025-07-30,2025-07-30,2011-04-01,-0.56710,-0.5671
587,2025-07-30,2025-07-30,2011-04-08,-0.58141,-0.58141
588,2025-07-30,2025-07-30,2011-04-15,-0.59480,-0.5948
589,2025-07-30,2025-07-30,2011-04-22,-0.60432,-0.60432
590,2025-07-30,2025-07-30,2011-04-29,-0.60806,-0.60806
591,2025-07-30,2025-07-30,2011-05-06,-0.60485,-0.60485
592,2025-07-30,2025-07-30,2011-05-13,-0.59541,-0.59541
593,2025-07-30,2025-07-30,2011-05-20,-0.58292,-0.58292
594,2025-07-30,2025-07-30,2011-05-27,-0.56900,-0.569
595,2025-07-30,2025-07-30,2011-06-03,-0.55555,-0.55555
596,2025-07-30,2025-07-30,2011-06-10,-0.54327,-0.54327
597,2025-07-30,2025-07-30,2011-06-17,-0.53460,-0.5346
598,2025-07-30,2025-07-30,2011-06-24,-0.52772,-0.52772
599,2025-07-30,2025-07-30,2011-07-01,-0.52095,-0.52095
600,2025-07-30,2025-07-30,2011-07-08,-0.50906,-0.50906
601,2025-07-30,2025-07-30,2011-07-15,-0.48675,-0.48675
602,2025-07-30,2025-07-30,2011-07-22,-0.45266,-0.45266
603,2025-07-30,2025-07-30,2011-07-29,-0.40393,-0.40393
604,2025-07-30,2025-07-30,2011-08-05,-0.34009,-0.34009
605,2025-07-30,2025-07-30,2011-08-12,-0.26840,-0.2684
606,2025-07-30,2025-07-30,2011-08-19,-0.20505,-0.20505
607,2025-07-30,2025-07-30,2011-08-26,-0.14655,-0.14655
608,2025-07-30,2025-07-30,2011-09-02,-0.10396,-0.10396
609,2025-07-30,2025-07-30,2011-09-09,-0.07213,-0.07213
610,2025-07-30,2025-07-30,2011-09-16,-0.05444,-0.05444
611,2025-07-30,2025-07-30,2011-09-23,-0.04568,-0.04568
612,2025-07-30,2025-07-30,2011-09-30,-0.04821,-0.04821
613,2025-07-30,2025-07-30,2011-10-07,-0.06013,-0.06013
614,2025-07-30,2025-07-30,2011-10-14,-0.08184,-0.08184
615,2025-07-30,2025-07-30,2011-10-21,-0.09996,-0.09996
616,2025-07-30,2025-07-30,2011-10-28,-0.11399,-0.11399
617,2025-07-30,2025-07-30,2011-11-04,-0.11529,-0.11529
618,2025-07-30,2025-07-30,2011-11-11,-0.10769,-0.10769
619,2025-07-30,2025-07-30,2011-11-18,-0.09485,-0.09485
620,2025-07-30,2025-07-30,2011-11-25,-0.08159,-0.08159
621,2025-07-30,2025-07-30,2011-12-02,-0.07973,-0.07973
622,2025-07-30,2025-07-30,2011-12-09,-0.08571,-0.08571
623,2025-07-30,2025-07-30,2011-12-16,-0.09927,-0.09927
624,2025-07-30,2025-07-30,2011-12-23,-0.12361,-0.12361
625,2025-07-30,2025-07-30,2011-12-30,-0.15781,-0.15781
626,2025-07-30,2025-07-30,2012-01-06,-0.19932,-0.19932
627,2025-07-30,2025-07-30,2012-01-13,-0.24575,-0.24575
628,2025-07-30,2025-07-30,2012-01-20,-0.29187,-0.29187
629,2025-07-30,2025-07-30,2012-01-27,-0.33356,-0.33356
630,2025-07-30,2025-07-30,2012-02-03,-0.36615,-0.36615
631,2025-07-30,2025-07-30,2012-02-10,-0.38995,-0.38995
632,2025-07-30,2025-07-30,2012-02-17,-0.40548,-0.40548
633,2025-07-30,2025-07-30,2012-02-24,-0.41741,-0.41741
634,2025-07-30,2025-07-30,2012-03-02,-0.42824,-0.42824
635,2025-07-30,2025-07-30,2012-03-09,-0.43630,-0.4363
636,2025-07-30,2025-07-30,2012-03-16,-0.44380,-0.4438
637,2025-07-30,2025-07-30,2012-03-23,-0.44758,-0.44758
638,2025-07-30,2025-07-30,2012-03-30,-0.44562,-0.44562
639,2025-07-30,2025-07-30,2012-04-06,-0.43814,-0.43814
640,2025-07-30,2025-07-30,2012-04-13,-0.42532,-0.42532
641,2025-07-30,2025-07-30,2012-04-20,-0.40960,-0.4096
642,2025-07-30,2025-07-30,2012-04-27,-0.38842,-0.38842
643,2025-07-30,2025-07-30,2012-05-04,-0.36213,-0.36213
644,2025-07-30,2025-07-30,2012-05-11,-0.33027,-0.33027
645,2025-07-30,2025-07-30,2012-05-18,-0.29659,-0.29659
646,2025-07-30,2025-07-30,2012-05-25,-0.26974,-0.26974
647,2025-07-30,2025-07-30,2012-06-01,-0.25057,-0.25057
648,2025-07-30,2025-07-30,2012-06-08,-0.24314,-0.24314
649,2025-07-30,2025-07-30,2012-06-15,-0.24861,-0.24861
650,2025-07-30,2025-07-30,2012-06-22,-0.26406,-0.26406
651,2025-07-30,2025-07-30,2012-06-29,-0.28346,-0.28346
652,2025-07-30,2025-07-30,2012-07-06,-0.30655,-0.30655
653,2025-07-30,2025-07-30,2012-07-13,-0.33031,-0.33031
654,2025-07-30,2025-07-30,2012-07-20,-0.35419,-0.35419
655,2025-07-30,2025-07-30,2012-07-27,-0.37550,-0.3755
656,2025-07-30,2025-07-30,2012-08-03,-0.39688,-0.39688
657,2025-07-30,2025-07-30,2012-08-10,-0.41598,-0.41598
658,2025-07-30,2025-07-30,2012-08-17,-0.43414,-0.43414
659,2025-07-30,2025-07-30,2012-08-24,-0.45224,-0.45224
660,2025-07-30,2025-07-30,2012-08-31,-0.46967,-0.46967
661,2025-07-30,2025-07-30,2012-09-07,-0.48823,-0.48823
662,2025-07-30,2025-07-30,2012-09-14,-0.50763,-0.50763
663,2025-07-30,2025-07-30,2012-09-21,-0.52391,-0.52391
664,2025-07-30,2025-07-30,2012-09-28,-0.53698,-0.53698
665,2025-07-30,2025-07-30,2012-10-05,-0.54798,-0.54798
666,2025-07-30,2025-07-30,2012-10-12,-0.55488,-0.55488
667,2025-07-30,2025-07-30,2012-10-19,-0.55892,-0.55892
668,2025-07-30,2025-07-30,2012-10-26,-0.55856,-0.55856
669,2025-07-30,2025-07-30,2012-11-02,-0.55711,-0.55711
670,2025-07-30,2025-07-30,2012-11-09,-0.55506,-0.55506
671,2025-07-30,2025-07-30,2012-11-16,-0.55434,-0.55434
672,2025-07-30,2025-07-30,2012-11-23,-0.55798,-0.55798
673,2025-07-30,2025-07-30,2012-11-30,-0.56357,-0.56357
674,2025-07-30,2025-07-30,2012-12-07,-0.57204,-0.57204
675,2025-07-30,2025-07-30,2012-12-14,-0.58348,-0.58348
676,2025-07-30,2025-07-30,2012-12-21,-0.59592,-0.59592
677,2025-07-30,2025-07-30,2012-12-28,-0.60796,-0.60796
678,2025-07-30,2025-07-30,2013-01-04,-0.62258,-0.62258
679,2025-07-30,2025-07-30,2013-01-11,-0.63532,-0.63532
680,2025-07-30,2025-07-30,2013-01-18,-0.64485,-0.64485
681,2025-07-30,2025-07-30,2013-01-25,-0.65159,-0.65159
682,2025-07-30,2025-07-30,2013-02-01,-0.65511,-0.65511
683,2025-07-30,2025-07-30,2013-02-08,-0.65635,-0.65635
684,2025-07-30,2025-07-30,2013-02-15,-0.65773,-0.65773
685,2025-07-30,2025-07-30,2013-02-22,-0.65869,-0.65869
686,2025-07-30,2025-07-30,2013-03-01,-0.65907,-0.65907
687,2025-07-30,2025-07-30,2013-03-08,-0.66132,-0.66132
688,2025-07-30,2025-07-30,2013-03-15,-0.66421,-0.66421
689,2025-07-30,2025-07-30,2013-03-22,-0.66724,-0.66724
690,2025-07-30,2025-07-30,2013-03-29,-0.67202,-0.67202
691,2025-07-30,2025-07-30,2013-04-05,-0.67937,-0.67937
692,2025-07-30,2025-07-30,2013-04-12,-0.68999,-0.68999
693,2025-07-30,2025-07-30,2013-04-19,-0.70083,-0.70083
694,2025-07-30,2025-07-30,2013-04-26,-0.71317,-0.71317
695,2025-07-30,2025-07-30,2013-05-03,-0.72303,-0.72303
696,2025-07-30,2025-07-30,2013-05-10,-0.72800,-0.728
697,2025-07-30,2025-07-30,2013-05-17,-0.72566,-0.72566
698,2025-07-30,2025-07-30,2013-05-24,-0.71598,-0.71598
699,2025-07-30,2025-07-30,2013-05-31,-0.69964,-0.69964
700,2025-07-30,2025-07-30,2013-06-07,-0.67996,-0.67996
701,2025-07-30,2025-07-30,2013-06-14,-0.66097,-0.66097
702,2025-07-30,2025-07-30,2013-06-21,-0.64533,-0.64533
703,2025-07-30,2025-07-30,2013-06-28,-0.63794,-0.63794
704,2025-07-30,2025-07-30,2013-07-05,-0.63815,-0.63815
705,2025-07-30,2025-07-30,2013-07-12,-0.64550,-0.6455
706,2025-07-30,2025-07-30,2013-07-19,-0.65758,-0.65758
707,2025-07-30,2025-07-30,2013-07-26,-0.66915,-0.66915
708,2025-07-30,2025-07-30,2013-08-02,-0.67721,-0.67721
709,2025-07-30,2025-07-30,2013-08-09,-0.68097,-0.68097
710,2025-07-30,2025-07-30,2013-08-16,-0.68007,-0.68007
711,2025-07-30,2025-07-30,2013-08-23,-0.67603,-0.67603
712,2025-07-30,2025-07-30,2013-08-30,-0.67207,-0.67207
713,2025-07-30,2025-07-30,2013-09-06,-0.67043,-0.67043
714,2025-07-30,2025-07-30,2013-09-13,-0.67252,-0.67252
715,2025-07-30,2025-07-30,2013-09-20,-0.67751,-0.67751
716,2025-07-30,2025-07-30,2013-09-27,-0.68514,-0.68514
717,2025-07-30,2025-07-30,2013-10-04,-0.69498,-0.69498
718,2025-07-30,2025-07-30,2013-10-11,-0.70738,-0.70738
719,2025-07-30,2025-07-30,2013-10-18,-0.72138,-0.72138
720,2025-07-30,2025-07-30,2013-10-25,-0.73515,-0.73515
721,2025-07-30,2025-07-30,2013-11-01,-0.74692,-0.74692
722,2025-07-30,2025-07-30,2013-11-08,-0.75731,-0.75731
723,2025-07-30,2025-07-30,2013-11-15,-0.76602,-0.76602
724,2025-07-30,2025-07-30,2013-11-22,-0.77260,-0.7726
725,2025-07-30,2025-07-30,2013-11-29,-0.77783,-0.77783
726,2025-07-30,2025-07-30,2013-12-06,-0.78154,-0.78154
727,2025-07-30,2025-07-30,2013-12-13,-0.78459,-0.78459
728,2025-07-30,2025-07-30,2013-12-20,-0.78647,-0.78647
729,2025-07-30,2025-07-30,2013-12-27,-0.78737,-0.78737
730,2025-07-30,2025-07-30,2014-01-03,-0.78497,-0.78497
731,2025-07-30,2025-07-30,2014-01-10,-0.78222,-0.78222
732,2025-07-30,2025-07-30,2014-01-17,-0.77800,-0.778
733,2025-07-30,2025-07-30,2014-01-24,-0.77365,-0.77365
734,2025-07-30,2025-07-30,2014-01-31,-0.77089,-0.77089
735,2025-07-30,2025-07-30,2014-02-07,-0.77135,-0.77135
736,2025-07-30,2025-07-30,2014-02-14,-0.77506,-0.77506
737,2025-07-30,2025-07-30,2014-02-21,-0.77930,-0.7793
738,2025-07-30,2025-07-30,2014-02-28,-0.78343,-0.78343
739,2025-07-30,2025-07-30,2014-03-07,-0.78638,-0.78638
740,2025-07-30,2025-07-30,2014-03-14,-0.78680,-0.7868
741,2025-07-30,2025-07-30,2014-03-21,-0.78587,-0.78587
742,2025-07-30,2025-07-30,2014-03-28,-0.78301,-0.78301
743,2025-07-30,2025-07-30,2014-04-04,-0.78106,-0.78106
744,2025-07-30,2025-07-30,2014-04-11,-0.77840,-0.7784
745,2025-07-30,2025-07-30,2014-04-18,-0.77644,-0.77644
746,2025-07-30,2025-07-30,2014-04-25,-0.77576,-0.77576
747,2025-07-30,2025-07-30,2014-05-02,-0.77704,-0.77704
748,2025-07-30,2025-07-30,2014-05-09,-0.77997,-0.77997
749,2025-07-30,2025-07-30,2014-05-16,-0.78416,-0.78416
750,2025-07-30,2025-07-30,2014-05-23,-0.79041,-0.79041
751,2025-07-30,2025-07-30,2014-05-30,-0.79628,-0.79628
752,2025-07-30,2025-07-30,2014-06-06,-0.79969,-0.79969
753,2025-07-30,2025-07-30,2014-06-13,-0.79991,-0.79991
754,2025-07-30,2025-07-30,2014-06-20,-0.79656,-0.79656
755,2025-07-30,2025-07-30,2014-06-27,-0.78955,-0.78955
756,2025-07-30,2025-07-30,2014-07-04,-0.77952,-0.77952
757,2025-07-30,2025-07-30,2014-07-11,-0.76794,-0.76794
758,2025-07-30,2025-07-30,2014-07-18,-0.75574,-0.75574
759,2025-07-30,2025-07-30,2014-07-25,-0.74510,-0.7451
760,2025-07-30,2025-07-30,2014-08-01,-0.73653,-0.73653
761,2025-07-30,2025-07-30,2014-08-08,-0.73156,-0.73156
762,2025-07-30,2025-07-30,2014-08-15,-0.73113,-0.73113
763,2025-07-30,2025-07-30,2014-08-22,-0.73095,-0.73095
764,2025-07-30,2025-07-30,2014-08-29,-0.72856,-0.72856
765,2025-07-30,2025-07-30,2014-09-05,-0.72266,-0.72266
766,2025-07-30,2025-07-30,2014-09-12,-0.71187,-0.71187
767,2025-07-30,2025-07-30,2014-09-19,-0.69661,-0.69661
768,2025-07-30,2025-07-30,2014-09-26,-0.67908,-0.67908
769,2025-07-30,2025-07-30,2014-10-03,-0.66262,-0.66262
770,2025-07-30,2025-07-30,2014-10-10,-0.65066,-0.65066
771,2025-07-30,2025-07-30,2014-10-17,-0.64254,-0.64254
772,2025-07-30,2025-07-30,2014-10-24,-0.64382,-0.64382
773,2025-07-30,2025-07-30,2014-10-31,-0.64898,-0.64898
774,2025-07-30,2025-07-30,2014-11-07,-0.65613,-0.65613
775,2025-07-30,2025-07-30,2014-11-14,-0.66112,-0.66112
776,2025-07-30,2025-07-30,2014-11-21,-0.66036,-0.66036
777,2025-07-30,2025-07-30,2014-11-28,-0.65371,-0.65371
778,2025-07-30,2025-07-30,2014-12-05,-0.64053,-0.64053
779,2025-07-30,2025-07-30,2014-12-12,-0.62037,-0.62037
780,2025-07-30,2025-07-30,2014-12-19,-0.59722,-0.59722
781,2025-07-30,2025-07-30,2014-12-26,-0.57531,-0.57531
782,2025-07-30,2025-07-30,2015-01-02,-0.55291,-0.55291
783,2025-07-30,2025-07-30,2015-01-09,-0.53478,-0.53478
784,2025-07-30,2025-07-30,2015-01-16,-0.52030,-0.5203
785,2025-07-30,2025-07-30,2015-01-23,-0.51197,-0.51197
786,2025-07-30,2025-07-30,2015-01-30,-0.50853,-0.50853
787,2025-07-30,2025-07-30,2015-02-06,-0.50983,-0.50983
788,2025-07-30,2025-07-30,2015-02-13,-0.51430,-0.5143
789,2025-07-30,2025-07-30,2015-02-20,-0.52091,-0.52091
790,2025-07-30,2025-07-30,2015-02-27,-0.52789,-0.52789
791,2025-07-30,2025-07-30,2015-03-06,-0.53281,-0.53281
792,2025-07-30,2025-07-30,2015-03-13,-0.53649,-0.53649
793,2025-07-30,2025-07-30,2015-03-20,-0.53969,-0.53969
794,2025-07-30,2025-07-30,2015-03-27,-0.54151,-0.54151
795,2025-07-30,2025-07-30,2015-04-03,-0.54316,-0.54316
796,2025-07-30,2025-07-30,2015-04-10,-0.54527,-0.54527
797,2025-07-30,2025-07-30,2015-04-17,-0.54667,-0.54667
798,2025-07-30,2025-07-30,2015-04-24,-0.54873,-0.54873
799,2025-07-30,2025-07-30,2015-05-01,-0.54969,-0.54969
800,2025-07-30,2025-07-30,2015-05-08,-0.54958,-0.54958
801,2025-07-30,2025-07-30,2015-05-15,-0.54994,-0.54994
802,2025-07-30,2025-07-30,2015-05-22,-0.55045,-0.55045
803,2025-07-30,2025-07-30,2015-05-29,-0.55014,-0.55014
804,2025-07-30,2025-07-30,2015-06-05,-0.54939,-0.54939
805,2025-07-30,2025-07-30,2015-06-12,-0.54823,-0.54823
806,2025-07-30,2025-07-30,2015-06-19,-0.54551,-0.54551
807,2025-07-30,2025-07-30,2015-06-26,-0.54286,-0.54286
808,2025-07-30,2025-07-30,2015-07-03,-0.53773,-0.53773
809,2025-07-30,2025-07-30,2015-07-10,-0.53278,-0.53278
810,2025-07-30,2025-07-30,2015-07-17,-0.52744,-0.52744
811,2025-07-30,2025-07-30,2015-07-24,-0.51780,-0.5178
812,2025-07-30,2025-07-30,2015-07-31,-0.50318,-0.50318
813,2025-07-30,2025-07-30,2015-08-07,-0.48439,-0.48439
814,2025-07-30,2025-07-30,2015-08-14,-0.46300,-0.463
815,2025-07-30,2025-07-30,2015-08-21,-0.44058,-0.44058
816,2025-07-30,2025-07-30,2015-08-28,-0.42034,-0.42034
817,2025-07-30,2025-07-30,2015-09-04,-0.40736,-0.40736
818,2025-07-30,2025-07-30,2015-09-11,-0.40168,-0.40168
819,2025-07-30,2025-07-30,2015-09-18,-0.40186,-0.40186
820,2025-07-30,2025-07-30,2015-09-25,-0.40759,-0.40759
821,2025-07-30,2025-07-30,2015-10-02,-0.41731,-0.41731
822,2025-07-30,2025-07-30,2015-10-09,-0.43315,-0.43315
823,2025-07-30,2025-07-30,2015-10-16,-0.44769,-0.44769
824,2025-07-30,2025-07-30,2015-10-23,-0.46067,-0.46067
825,2025-07-30,2025-07-30,2015-10-30,-0.46991,-0.46991
826,2025-07-30,2025-07-30,2015-11-06,-0.47344,-0.47344
827,2025-07-30,2025-07-30,2015-11-13,-0.46981,-0.46981
828,2025-07-30,2025-07-30,2015-11-20,-0.46037,-0.46037
829,2025-07-30,2025-07-30,2015-11-27,-0.44644,-0.44644
830,2025-07-30,2025-07-30,2015-12-04,-0.42783,-0.42783
831,2025-07-30,2025-07-30,2015-12-11,-0.40566,-0.40566
832,2025-07-30,2025-07-30,2015-12-18,-0.38412,-0.38412
833,2025-07-30,2025-07-30,2015-12-25,-0.36409,-0.36409
834,2025-07-30,2025-07-30,2016-01-01,-0.34652,-0.34652
835,2025-07-30,2025-07-30,2016-01-08,-0.33102,-0.33102
836,2025-07-30,2025-07-30,2016-01-15,-0.31746,-0.31746
837,2025-07-30,2025-07-30,2016-01-22,-0.30732,-0.30732
838,2025-07-30,2025-07-30,2016-01-29,-0.30076,-0.30076
839,2025-07-30,2025-07-30,2016-02-05,-0.29716,-0.29716
840,2025-07-30,2025-07-30,2016-02-12,-0.29729,-0.29729
841,2025-07-30,2025-07-30,2016-02-19,-0.30595,-0.30595
842,2025-07-30,2025-07-30,2016-02-26,-0.31889,-0.31889
843,2025-07-30,2025-07-30,2016-03-04,-0.33460,-0.3346
844,2025-07-30,2025-07-30,2016-03-11,-0.35020,-0.3502
845,2025-07-30,2025-07-30,2016-03-18,-0.36424,-0.36424
846,2025-07-30,2025-07-30,2016-03-25,-0.37364,-0.37364
847,2025-07-30,2025-07-30,2016-04-01,-0.38035,-0.38035
848,2025-07-30,2025-07-30,2016-04-08,-0.38382,-0.38382
849,2025-07-30,2025-07-30,2016-04-15,-0.38641,-0.38641
850,2025-07-30,2025-07-30,2016-04-22,-0.38810,-0.3881
851,2025-07-30,2025-07-30,2016-04-29,-0.38797,-0.38797
852,2025-07-30,2025-07-30,2016-05-06,-0.38643,-0.38643
853,2025-07-30,2025-07-30,2016-05-13,-0.38464,-0.38464
854,2025-07-30,2025-07-30,2016-05-20,-0.38176,-0.38176
855,2025-07-30,2025-07-30,2016-05-27,-0.37738,-0.37738
856,2025-07-30,2025-07-30,2016-06-03,-0.37130,-0.3713
857,2025-07-30,2025-07-30,2016-06-10,-0.36446,-0.36446
858,2025-07-30,2025-07-30,2016-06-17,-0.35666,-0.35666
859,2025-07-30,2025-07-30,2016-06-24,-0.35155,-0.35155
860,2025-07-30,2025-07-30,2016-07-01,-0.34837,-0.34837
861,2025-07-30,2025-07-30,2016-07-08,-0.34940,-0.3494
862,2025-07-30,2025-07-30,2016-07-15,-0.35344,-0.35344
863,2025-07-30,2025-07-30,2016-07-22,-0.35755,-0.35755
864,2025-07-30,2025-07-30,2016-07-29,-0.36172,-0.36172
865,2025-07-30,2025-07-30,2016-08-05,-0.36388,-0.36388
866,2025-07-30,2025-07-30,2016-08-12,-0.36409,-0.36409
867,2025-07-30,2025-07-30,2016-08-19,-0.36175,-0.36175
868,2025-07-30,2025-07-30,2016-08-26,-0.35663,-0.35663
869,2025-07-30,2025-07-30,2016-09-02,-0.34956,-0.34956
870,2025-07-30,2025-07-30,2016-09-09,-0.34368,-0.34368
871,2025-07-30,2025-07-30,2016-09-16,-0.33928,-0.33928
872,2025-07-30,2025-07-30,2016-09-23,-0.33805,-0.33805
873,2025-07-30,2025-07-30,2016-09-30,-0.34123,-0.34123
874,2025-07-30,2025-07-30,2016-10-07,-0.34840,-0.3484
875,2025-07-30,2025-07-30,2016-10-14,-0.35749,-0.35749
876,2025-07-30,2025-07-30,2016-10-21,-0.36869,-0.36869
877,2025-07-30,2025-07-30,2016-10-28,-0.38164,-0.38164
878,2025-07-30,2025-07-30,2016-11-04,-0.39362,-0.39362
879,2025-07-30,2025-07-30,2016-11-11,-0.40758,-0.40758
880,2025-07-30,2025-07-30,2016-11-18,-0.42033,-0.42033
881,2025-07-30,2025-07-30,2016-11-25,-0.43155,-0.43155
882,2025-07-30,2025-07-30,2016-12-02,-0.44141,-0.44141
883,2025-07-30,2025-07-30,2016-12-09,-0.45024,-0.45024
884,2025-07-30,2025-07-30,2016-12-16,-0.45713,-0.45713
885,2025-07-30,2025-07-30,2016-12-23,-0.46291,-0.46291
886,2025-07-30,2025-07-30,2016-12-30,-0.46926,-0.46926
887,2025-07-30,2025-07-30,2017-01-06,-0.47491,-0.47491
888,2025-07-30,2025-07-30,2017-01-13,-0.48065,-0.48065
889,2025-07-30,2025-07-30,2017-01-20,-0.48542,-0.48542
890,2025-07-30,2025-07-30,2017-01-27,-0.48904,-0.48904
891,2025-07-30,2025-07-30,2017-02-03,-0.49140,-0.4914
892,2025-07-30,2025-07-30,2017-02-10,-0.49269,-0.49269
893,2025-07-30,2025-07-30,2017-02-17,-0.49213,-0.49213
894,2025-07-30,2025-07-30,2017-02-24,-0.49001,-0.49001
895,2025-07-30,2025-07-30,2017-03-03,-0.48813,-0.48813
896,2025-07-30,2025-07-30,2017-03-10,-0.48559,-0.48559
897,2025-07-30,2025-07-30,2017-03-17,-0.48327,-0.48327
898,2025-07-30,2025-07-30,2017-03-24,-0.48179,-0.48179
899,2025-07-30,2025-07-30,2017-03-31,-0.48322,-0.48322
900,2025-07-30,2025-07-30,2017-04-07,-0.48658,-0.48658
901,2025-07-30,2025-07-30,2017-04-14,-0.49233,-0.49233
902,2025-07-30,2025-07-30,2017-04-21,-0.50012,-0.50012
903,2025-07-30,2025-07-30,2017-04-28,-0.51031,-0.51031
904,2025-07-30,2025-07-30,2017-05-05,-0.52047,-0.52047
905,2025-07-30,2025-07-30,2017-05-12,-0.53045,-0.53045
906,2025-07-30,2025-07-30,2017-05-19,-0.53926,-0.53926
907,2025-07-30,2025-07-30,2017-05-26,-0.54827,-0.54827
908,2025-07-30,2025-07-30,2017-06-02,-0.55539,-0.55539
909,2025-07-30,2025-07-30,2017-06-09,-0.56111,-0.56111
910,2025-07-30,2025-07-30,2017-06-16,-0.56543,-0.56543
911,2025-07-30,2025-07-30,2017-06-23,-0.56836,-0.56836
912,2025-07-30,2025-07-30,2017-06-30,-0.57154,-0.57154
913,2025-07-30,2025-07-30,2017-07-07,-0.57456,-0.57456
914,2025-07-30,2025-07-30,2017-07-14,-0.57777,-0.57777
915,2025-07-30,2025-07-30,2017-07-21,-0.57997,-0.57997
916,2025-07-30,2025-07-30,2017-07-28,-0.57960,-0.5796
917,2025-07-30,2025-07-30,2017-08-04,-0.57652,-0.57652
918,2025-07-30,2025-07-30,2017-08-11,-0.57127,-0.57127
919,2025-07-30,2025-07-30,2017-08-18,-0.56586,-0.56586
920,2025-07-30,2025-07-30,2017-08-25,-0.56186,-0.56186
921,2025-07-30,2025-07-30,2017-09-01,-0.55974,-0.55974
922,2025-07-30,2025-07-30,2017-09-08,-0.55941,-0.55941
923,2025-07-30,2025-07-30,2017-09-15,-0.56235,-0.56235
924,2025-07-30,2025-07-30,2017-09-22,-0.56682,-0.56682
925,2025-07-30,2025-07-30,2017-09-29,-0.57238,-0.57238
926,2025-07-30,2025-07-30,2017-10-06,-0.57934,-0.57934
927,2025-07-30,2025-07-30,2017-10-13,-0.58649,-0.58649
928,2025-07-30,2025-07-30,2017-10-20,-0.59337,-0.59337
929,2025-07-30,2025-07-30,2017-10-27,-0.59874,-0.59874
930,2025-07-30,2025-07-30,2017-11-03,-0.60287,-0.60287
931,2025-07-30,2025-07-30,2017-11-10,-0.60490,-0.6049
932,2025-07-30,2025-07-30,2017-11-17,-0.60587,-0.60587
933,2025-07-30,2025-07-30,2017-11-24,-0.60665,-0.60665
934,2025-07-30,2025-07-30,2017-12-01,-0.60762,-0.60762
935,2025-07-30,2025-07-30,2017-12-08,-0.60879,-0.60879
936,2025-07-30,2025-07-30,2017-12-15,-0.61145,-0.61145
937,2025-07-30,2025-07-30,2017-12-22,-0.61525,-0.61525
938,2025-07-30,2025-07-30,2017-12-29,-0.61890,-0.6189
939,2025-07-30,2025-07-30,2018-01-05,-0.62263,-0.62263
940,2025-07-30,2025-07-30,2018-01-12,-0.62270,-0.6227
941,2025-07-30,2025-07-30,2018-01-19,-0.61833,-0.61833
942,2025-07-30,2025-07-30,2018-01-26,-0.60949,-0.60949
943,2025-07-30,2025-07-30,2018-02-02,-0.59577,-0.59577
944,2025-07-30,2025-07-30,2018-02-09,-0.57802,-0.57802
945,2025-07-30,2025-07-30,2018-02-16,-0.56228,-0.56228
946,2025-07-30,2025-07-30,2018-02-23,-0.54738,-0.54738
947,2025-07-30,2025-07-30,2018-03-02,-0.53293,-0.53293
948,2025-07-30,2025-07-30,2018-03-09,-0.51972,-0.51972
949,2025-07-30,2025-07-30,2018-03-16,-0.50916,-0.50916
950,2025-07-30,2025-07-30,2018-03-23,-0.50159,-0.50159
951,2025-07-30,2025-07-30,2018-03-30,-0.49996,-0.49996
952,2025-07-30,2025-07-30,2018-04-06,-0.50355,-0.50355
953,2025-07-30,2025-07-30,2018-04-13,-0.51362,-0.51362
954,2025-07-30,2025-07-30,2018-04-20,-0.52790,-0.5279
955,2025-07-30,2025-07-30,2018-04-27,-0.54139,-0.54139
956,2025-07-30,2025-07-30,2018-05-04,-0.55336,-0.55336
957,2025-07-30,2025-07-30,2018-05-11,-0.56255,-0.56255
958,2025-07-30,2025-07-30,2018-05-18,-0.56743,-0.56743
959,2025-07-30,2025-07-30,2018-05-25,-0.56703,-0.56703
960,2025-07-30,2025-07-30,2018-06-01,-0.56206,-0.56206
961,2025-07-30,2025-07-30,2018-06-08,-0.55621,-0.55621
962,2025-07-30,2025-07-30,2018-06-15,-0.54930,-0.5493
963,2025-07-30,2025-07-30,2018-06-22,-0.54343,-0.54343
964,2025-07-30,2025-07-30,2018-06-29,-0.54022,-0.54022
965,2025-07-30,2025-07-30,2018-07-06,-0.54146,-0.54146
966,2025-07-30,2025-07-30,2018-07-13,-0.54697,-0.54697
967,2025-07-30,2025-07-30,2018-07-20,-0.55505,-0.55505
968,2025-07-30,2025-07-30,2018-07-27,-0.56426,-0.56426
969,2025-07-30,2025-07-30,2018-08-03,-0.57347,-0.57347
970,2025-07-30,2025-07-30,2018-08-10,-0.58262,-0.58262
971,2025-07-30,2025-07-30,2018-08-17,-0.58966,-0.58966
972,2025-07-30,2025-07-30,2018-08-24,-0.59552,-0.59552
973,2025-07-30,2025-07-30,2018-08-31,-0.59963,-0.59963
974,2025-07-30,2025-07-30,2018-09-07,-0.60188,-0.60188
975,2025-07-30,2025-07-30,2018-09-14,-0.60228,-0.60228
976,2025-07-30,2025-07-30,2018-09-21,-0.59974,-0.59974
977,2025-07-30,2025-07-30,2018-09-28,-0.59543,-0.59543
978,2025-07-30,2025-07-30,2018-10-05,-0.58877,-0.58877
979,2025-07-30,2025-07-30,2018-10-12,-0.57880,-0.5788
980,2025-07-30,2025-07-30,2018-10-19,-0.56760,-0.5676
981,2025-07-30,2025-07-30,2018-10-26,-0.55409,-0.55409
982,2025-07-30,2025-07-30,2018-11-02,-0.53881,-0.53881
983,2025-07-30,2025-07-30,2018-11-09,-0.52273,-0.52273
984,2025-07-30,2025-07-30,2018-11-16,-0.50322,-0.50322
985,2025-07-30,2025-07-30,2018-11-23,-0.48186,-0.48186
986,2025-07-30,2025-07-30,2018-11-30,-0.46155,-0.46155
987,2025-07-30,2025-07-30,2018-12-07,-0.44238,-0.44238
988,2025-07-30,2025-07-30,2018-12-14,-0.42895,-0.42895
989,2025-07-30,2025-07-30,2018-12-21,-0.42291,-0.42291
990,2025-07-30,2025-07-30,2018-12-28,-0.42630,-0.4263
991,2025-07-30,2025-07-30,2019-01-04,-0.43940,-0.4394
992,2025-07-30,2025-07-30,2019-01-11,-0.45952,-0.45952
993,2025-07-30,2025-07-30,2019-01-18,-0.48321,-0.48321
994,2025-07-30,2025-07-30,2019-01-25,-0.50771,-0.50771
995,2025-07-30,2025-07-30,2019-02-01,-0.53173,-0.53173
996,2025-07-30,2025-07-30,2019-02-08,-0.55233,-0.55233
997,2025-07-30,2025-07-30,2019-02-15,-0.56966,-0.56966
998,2025-07-30,2025-07-30,2019-02-22,-0.58298,-0.58298
999,2025-07-30,2025-07-30,2019-03-01,-0.59190,-0.5919
1000,2025-07-30,2025-07-30,2019-03-08,-0.59707,-0.59707
1001,2025-07-30,2025-07-30,2019-03-15,-0.60093,-0.60093
1002,2025-07-30,2025-07-30,2019-03-22,-0.60490,-0.6049
1003,2025-07-30,2025-07-30,2019-03-29,-0.60768,-0.60768
1004,2025-07-30,2025-07-30,2019-04-05,-0.61189,-0.61189
1005,2025-07-30,2025-07-30,2019-04-12,-0.61527,-0.61527
1006,2025-07-30,2025-07-30,2019-04-19,-0.61737,-0.61737
1007,2025-07-30,2025-07-30,2019-04-26,-0.61649,-0.61649
1008,2025-07-30,2025-07-30,2019-05-03,-0.61315,-0.61315
1009,2025-07-30,2025-07-30,2019-05-10,-0.60635,-0.60635
1010,2025-07-30,2025-07-30,2019-05-17,-0.59809,-0.59809
1011,2025-07-30,2025-07-30,2019-05-24,-0.58996,-0.58996
1012,2025-07-30,2025-07-30,2019-05-31,-0.58191,-0.58191
1013,2025-07-30,2025-07-30,2019-06-07,-0.57649,-0.57649
1014,2025-07-30,2025-07-30,2019-06-14,-0.57435,-0.57435
1015,2025-07-30,2025-07-30,2019-06-21,-0.57423,-0.57423
1016,2025-07-30,2025-07-30,2019-06-28,-0.57658,-0.57658
1017,2025-07-30,2025-07-30,2019-07-05,-0.58065,-0.58065
1018,2025-07-30,2025-07-30,2019-07-12,-0.58269,-0.58269
1019,2025-07-30,2025-07-30,2019-07-19,-0.58264,-0.58264
1020,2025-07-30,2025-07-30,2019-07-26,-0.57949,-0.57949
1021,2025-07-30,2025-07-30,2019-08-02,-0.57188,-0.57188
1022,2025-07-30,2025-07-30,2019-08-09,-0.56115,-0.56115
1023,2025-07-30,2025-07-30,2019-08-16,-0.54966,-0.54966
1024,2025-07-30,2025-07-30,2019-08-23,-0.53947,-0.53947
1025,2025-07-30,2025-07-30,2019-08-30,-0.53001,-0.53001
1026,2025-07-30,2025-07-30,2019-09-06,-0.52303,-0.52303
1027,2025-07-30,2025-07-30,2019-09-13,-0.51745,-0.51745
1028,2025-07-30,2025-07-30,2019-09-20,-0.51318,-0.51318
1029,2025-07-30,2025-07-30,2019-09-27,-0.51296,-0.51296
1030,2025-07-30,2025-07-30,2019-10-04,-0.51634,-0.51634
1031,2025-07-30,2025-07-30,2019-10-11,-0.52463,-0.52463
1032,2025-07-30,2025-07-30,2019-10-18,-0.53702,-0.53702
1033,2025-07-30,2025-07-30,2019-10-25,-0.55098,-0.55098
1034,2025-07-30,2025-07-30,2019-11-01,-0.56319,-0.56319
1035,2025-07-30,2025-07-30,2019-11-08,-0.57299,-0.57299
1036,2025-07-30,2025-07-30,2019-11-15,-0.57830,-0.5783
1037,2025-07-30,2025-07-30,2019-11-22,-0.57843,-0.57843
1038,2025-07-30,2025-07-30,2019-11-29,-0.57351,-0.57351
1039,2025-07-30,2025-07-30,2019-12-06,-0.56442,-0.56442
1040,2025-07-30,2025-07-30,2019-12-13,-0.55666,-0.55666
1041,2025-07-30,2025-07-30,2019-12-20,-0.55233,-0.55233
1042,2025-07-30,2025-07-30,2019-12-27,-0.55676,-0.55676
1043,2025-07-30,2025-07-30,2020-01-03,-0.56975,-0.56975
1044,2025-07-30,2025-07-30,2020-01-10,-0.58977,-0.58977
1045,2025-07-30,2025-07-30,2020-01-17,-0.61140,-0.6114
1046,2025-07-30,2025-07-30,2020-01-24,-0.62514,-0.62514
1047,2025-07-30,2025-07-30,2020-01-31,-0.62338,-0.62338
1048,2025-07-30,2025-07-30,2020-02-07,-0.59806,-0.59806
1049,2025-07-30,2025-07-30,2020-02-14,-0.53859,-0.53859
1050,2025-07-30,2025-07-30,2020-02-21,-0.43836,-0.43836
1051,2025-07-30,2025-07-30,2020-02-28,-0.29880,-0.2988
1052,2025-07-30,2025-07-30,2020-03-06,-0.13644,-0.13644
1053,2025-07-30,2025-07-30,2020-03-13,0.03118,0.03118
1054,2025-07-30,2025-07-30,2020-03-20,0.17756,0.17756
1055,2025-07-30,2025-07-30,2020-03-27,0.27001,0.27001
1056,2025-07-30,2025-07-30,2020-04-03,0.30762,0.30762
1057,2025-07-30,2025-07-30,2020-04-10,0.29301,0.29301
1058,2025-07-30,2025-07-30,2020-04-17,0.23633,0.23633
1059,2025-07-30,2025-07-30,2020-04-24,0.15702,0.15702
1060,2025-07-30,2025-07-30,2020-05-01,0.05879,0.05879
1061,2025-07-30,2025-07-30,2020-05-08,-0.04130,-0.0413
1062,2025-07-30,2025-07-30,2020-05-15,-0.13178,-0.13178
1063,2025-07-30,2025-07-30,2020-05-22,-0.21145,-0.21145
1064,2025-07-30,2025-07-30,2020-05-29,-0.27463,-0.27463
1065,2025-07-30,2025-07-30,2020-06-05,-0.32086,-0.32086
1066,2025-07-30,2025-07-30,2020-06-12,-0.35036,-0.35036
1067,2025-07-30,2025-07-30,2020-06-19,-0.37284,-0.37284
1068,2025-07-30,2025-07-30,2020-06-26,-0.39105,-0.39105
1069,2025-07-30,2025-07-30,2020-07-03,-0.40830,-0.4083
1070,2025-07-30,2025-07-30,2020-07-10,-0.42705,-0.42705
1071,2025-07-30,2025-07-30,2020-07-17,-0.44605,-0.44605
1072,2025-07-30,2025-07-30,2020-07-24,-0.46530,-0.4653
1073,2025-07-30,2025-07-30,2020-07-31,-0.48301,-0.48301
1074,2025-07-30,2025-07-30,2020-08-07,-0.49681,-0.49681
1075,2025-07-30,2025-07-30,2020-08-14,-0.50712,-0.50712
1076,2025-07-30,2025-07-30,2020-08-21,-0.51322,-0.51322
1077,2025-07-30,2025-07-30,2020-08-28,-0.51515,-0.51515
1078,2025-07-30,2025-07-30,2020-09-04,-0.51284,-0.51284
1079,2025-07-30,2025-07-30,2020-09-11,-0.50832,-0.50832
1080,2025-07-30,2025-07-30,2020-09-18,-0.50441,-0.50441
1081,2025-07-30,2025-07-30,2020-09-25,-0.49860,-0.4986
1082,2025-07-30,2025-07-30,2020-10-02,-0.49538,-0.49538
1083,2025-07-30,2025-07-30,2020-10-09,-0.49552,-0.49552
1084,2025-07-30,2025-07-30,2020-10-16,-0.49799,-0.49799
1085,2025-07-30,2025-07-30,2020-10-23,-0.50385,-0.50385
1086,2025-07-30,2025-07-30,2020-10-30,-0.51228,-0.51228
1087,2025-07-30,2025-07-30,2020-11-06,-0.52587,-0.52587
1088,2025-07-30,2025-07-30,2020-11-13,-0.54263,-0.54263
1089,2025-07-30,2025-07-30,2020-11-20,-0.55882,-0.55882
1090,2025-07-30,2025-07-30,2020-11-27,-0.57341,-0.57341
1091,2025-07-30,2025-07-30,2020-12-04,-0.58630,-0.5863
1092,2025-07-30,2025-07-30,2020-12-11,-0.59650,-0.5965
1093,2025-07-30,2025-07-30,2020-12-18,-0.60381,-0.60381
1094,2025-07-30,2025-07-30,2020-12-25,-0.60996,-0.60996
1095,2025-07-30,2025-07-30,2021-01-01,-0.61516,-0.61516
1096,2025-07-30,2025-07-30,2021-01-08,-0.61956,-0.61956
1097,2025-07-30,2025-07-30,2021-01-15,-0.62211,-0.62211
1098,2025-07-30,2025-07-30,2021-01-22,-0.62399,-0.62399
1099,2025-07-30,2025-07-30,2021-01-29,-0.62422,-0.62422
1100,2025-07-30,2025-07-30,2021-02-05,-0.62636,-0.62636
1101,2025-07-30,2025-07-30,2021-02-12,-0.62800,-0.628
1102,2025-07-30,2025-07-30,2021-02-19,-0.62971,-0.62971
1103,2025-07-30,2025-07-30,2021-02-26,-0.63165,-0.63165
1104,2025-07-30,2025-07-30,2021-03-05,-0.63575,-0.63575
1105,2025-07-30,2025-07-30,2021-03-12,-0.64073,-0.64073
1106,2025-07-30,2025-07-30,2021-03-19,-0.64611,-0.64611
1107,2025-07-30,2025-07-30,2021-03-26,-0.65263,-0.65263
1108,2025-07-30,2025-07-30,2021-04-02,-0.65948,-0.65948
1109,2025-07-30,2025-07-30,2021-04-09,-0.66765,-0.66765
1110,2025-07-30,2025-07-30,2021-04-16,-0.67443,-0.67443
1111,2025-07-30,2025-07-30,2021-04-23,-0.68066,-0.68066
1112,2025-07-30,2025-07-30,2021-04-30,-0.68594,-0.68594
1113,2025-07-30,2025-07-30,2021-05-07,-0.69082,-0.69082
1114,2025-07-30,2025-07-30,2021-05-14,-0.69284,-0.69284
1115,2025-07-30,2025-07-30,2021-05-21,-0.69527,-0.69527
1116,2025-07-30,2025-07-30,2021-05-28,-0.69739,-0.69739
1117,2025-07-30,2025-07-30,2021-06-04,-0.69827,-0.69827
1118,2025-07-30,2025-07-30,2021-06-11,-0.69747,-0.69747
1119,2025-07-30,2025-07-30,2021-06-18,-0.69434,-0.69434
1120,2025-07-30,2025-07-30,2021-06-25,-0.69028,-0.69028
1121,2025-07-30,2025-07-30,2021-07-02,-0.68471,-0.68471
1122,2025-07-30,2025-07-30,2021-07-09,-0.67799,-0.67799
1123,2025-07-30,2025-07-30,2021-07-16,-0.67125,-0.67125
1124,2025-07-30,2025-07-30,2021-07-23,-0.66470,-0.6647
1125,2025-07-30,2025-07-30,2021-07-30,-0.65935,-0.65935
1126,2025-07-30,2025-07-30,2021-08-06,-0.65464,-0.65464
1127,2025-07-30,2025-07-30,2021-08-13,-0.65189,-0.65189
1128,2025-07-30,2025-07-30,2021-08-20,-0.65015,-0.65015
1129,2025-07-30,2025-07-30,2021-08-27,-0.65084,-0.65084
1130,2025-07-30,2025-07-30,2021-09-03,-0.65200,-0.652
1131,2025-07-30,2025-07-30,2021-09-10,-0.65383,-0.65383
1132,2025-07-30,2025-07-30,2021-09-17,-0.65596,-0.65596
1133,2025-07-30,2025-07-30,2021-09-24,-0.65711,-0.65711
1134,2025-07-30,2025-07-30,2021-10-01,-0.65733,-0.65733
1135,2025-07-30,2025-07-30,2021-10-08,-0.65550,-0.6555
1136,2025-07-30,2025-07-30,2021-10-15,-0.64979,-0.64979
1137,2025-07-30,2025-07-30,2021-10-22,-0.63977,-0.63977
1138,2025-07-30,2025-07-30,2021-10-29,-0.62513,-0.62513
1139,2025-07-30,2025-07-30,2021-11-05,-0.60727,-0.60727
1140,2025-07-30,2025-07-30,2021-11-12,-0.58782,-0.58782
1141,2025-07-30,2025-07-30,2021-11-19,-0.56970,-0.5697
1142,2025-07-30,2025-07-30,2021-11-26,-0.55359,-0.55359
1143,2025-07-30,2025-07-30,2021-12-03,-0.54242,-0.54242
1144,2025-07-30,2025-07-30,2021-12-10,-0.54031,-0.54031
1145,2025-07-30,2025-07-30,2021-12-17,-0.54292,-0.54292
1146,2025-07-30,2025-07-30,2021-12-24,-0.55000,-0.55
1147,2025-07-30,2025-07-30,2021-12-31,-0.55868,-0.55868
1148,2025-07-30,2025-07-30,2022-01-07,-0.56470,-0.5647
1149,2025-07-30,2025-07-30,2022-01-14,-0.56496,-0.56496
1150,2025-07-30,2025-07-30,2022-01-21,-0.55853,-0.55853
1151,2025-07-30,2025-07-30,2022-01-28,-0.54455,-0.54455
1152,2025-07-30,2025-07-30,2022-02-04,-0.52568,-0.52568
1153,2025-07-30,2025-07-30,2022-02-11,-0.50029,-0.50029
1154,2025-07-30,2025-07-30,2022-02-18,-0.47066,-0.47066
1155,2025-07-30,2025-07-30,2022-02-25,-0.44112,-0.44112
1156,2025-07-30,2025-07-30,2022-03-04,-0.41401,-0.41401
1157,2025-07-30,2025-07-30,2022-03-11,-0.39298,-0.39298
1158,2025-07-30,2025-07-30,2022-03-18,-0.38110,-0.3811
1159,2025-07-30,2025-07-30,2022-03-25,-0.37541,-0.37541
1160,2025-07-30,2025-07-30,2022-04-01,-0.37314,-0.37314
1161,2025-07-30,2025-07-30,2022-04-08,-0.37075,-0.37075
1162,2025-07-30,2025-07-30,2022-04-15,-0.36400,-0.364
1163,2025-07-30,2025-07-30,2022-04-22,-0.35380,-0.3538
1164,2025-07-30,2025-07-30,2022-04-29,-0.33885,-0.33885
1165,2025-07-30,2025-07-30,2022-05-06,-0.32127,-0.32127
1166,2025-07-30,2025-07-30,2022-05-13,-0.30241,-0.30241
1167,2025-07-30,2025-07-30,2022-05-20,-0.28341,-0.28341
1168,2025-07-30,2025-07-30,2022-05-27,-0.26210,-0.2621
1169,2025-07-30,2025-07-30,2022-06-03,-0.23903,-0.23903
1170,2025-07-30,2025-07-30,2022-06-10,-0.21455,-0.21455
1171,2025-07-30,2025-07-30,2022-06-17,-0.19062,-0.19062
1172,2025-07-30,2025-07-30,2022-06-24,-0.17474,-0.17474
1173,2025-07-30,2025-07-30,2022-07-01,-0.16841,-0.16841
1174,2025-07-30,2025-07-30,2022-07-08,-0.17159,-0.17159
1175,2025-07-30,2025-07-30,2022-07-15,-0.18477,-0.18477
1176,2025-07-30,2025-07-30,2022-07-22,-0.20364,-0.20364
1177,2025-07-30,2025-07-30,2022-07-29,-0.22155,-0.22155
1178,2025-07-30,2025-07-30,2022-08-05,-0.23450,-0.2345
1179,2025-07-30,2025-07-30,2022-08-12,-0.24182,-0.24182
1180,2025-07-30,2025-07-30,2022-08-19,-0.23938,-0.23938
1181,2025-07-30,2025-07-30,2022-08-26,-0.22677,-0.22677
1182,2025-07-30,2025-07-30,2022-09-02,-0.20583,-0.20583
1183,2025-07-30,2025-07-30,2022-09-09,-0.18005,-0.18005
1184,2025-07-30,2025-07-30,2022-09-16,-0.15237,-0.15237
1185,2025-07-30,2025-07-30,2022-09-23,-0.12734,-0.12734
1186,2025-07-30,2025-07-30,2022-09-30,-0.10879,-0.10879
1187,2025-07-30,2025-07-30,2022-10-07,-0.10205,-0.10205
1188,2025-07-30,2025-07-30,2022-10-14,-0.10434,-0.10434
1189,2025-07-30,2025-07-30,2022-10-21,-0.11512,-0.11512
1190,2025-07-30,2025-07-30,2022-10-28,-0.13044,-0.13044
1191,2025-07-30,2025-07-30,2022-11-04,-0.14831,-0.14831
1192,2025-07-30,2025-07-30,2022-11-11,-0.16534,-0.16534
1193,2025-07-30,2025-07-30,2022-11-18,-0.17797,-0.17797
1194,2025-07-30,2025-07-30,2022-11-25,-0.18559,-0.18559
1195,2025-07-30,2025-07-30,2022-12-02,-0.19003,-0.19003
1196,2025-07-30,2025-07-30,2022-12-09,-0.19281,-0.19281
1197,2025-07-30,2025-07-30,2022-12-16,-0.19906,-0.19906
1198,2025-07-30,2025-07-30,2022-12-23,-0.20891,-0.20891
1199,2025-07-30,2025-07-30,2022-12-30,-0.22609,-0.22609
1200,2025-07-30,2025-07-30,2023-01-06,-0.24870,-0.2487
1201,2025-07-30,2025-07-30,2023-01-13,-0.27319,-0.27319
1202,2025-07-30,2025-07-30,2023-01-20,-0.29411,-0.29411
1203,2025-07-30,2025-07-30,2023-01-27,-0.31097,-0.31097
1204,2025-07-30,2025-07-30,2023-02-03,-0.31838,-0.31838
1205,2025-07-30,2025-07-30,2023-02-10,-0.31451,-0.31451
1206,2025-07-30,2025-07-30,2023-02-17,-0.30001,-0.30001
1207,2025-07-30,2025-07-30,2023-02-24,-0.27460,-0.2746
1208,2025-07-30,2025-07-30,2023-03-03,-0.24374,-0.24374
1209,2025-07-30,2025-07-30,2023-03-10,-0.21136,-0.21136
1210,2025-07-30,2025-07-30,2023-03-17,-0.17981,-0.17981
1211,2025-07-30,2025-07-30,2023-03-24,-0.16121,-0.16121
1212,2025-07-30,2025-07-30,2023-03-31,-0.15761,-0.15761
1213,2025-07-30,2025-07-30,2023-04-07,-0.16095,-0.16095
1214,2025-07-30,2025-07-30,2023-04-14,-0.17233,-0.17233
1215,2025-07-30,2025-07-30,2023-04-21,-0.18597,-0.18597
1216,2025-07-30,2025-07-30,2023-04-28,-0.19673,-0.19673
1217,2025-07-30,2025-07-30,2023-05-05,-0.20508,-0.20508
1218,2025-07-30,2025-07-30,2023-05-12,-0.21172,-0.21172
1219,2025-07-30,2025-07-30,2023-05-19,-0.21573,-0.21573
1220,2025-07-30,2025-07-30,2023-05-26,-0.21763,-0.21763
1221,2025-07-30,2025-07-30,2023-06-02,-0.21933,-0.21933
1222,2025-07-30,2025-07-30,2023-06-09,-0.22024,-0.22024
1223,2025-07-30,2025-07-30,2023-06-16,-0.22225,-0.22225
1224,2025-07-30,2025-07-30,2023-06-23,-0.22637,-0.22637
1225,2025-07-30,2025-07-30,2023-06-30,-0.23247,-0.23247
1226,2025-07-30,2025-07-30,2023-07-07,-0.24121,-0.24121
1227,2025-07-30,2025-07-30,2023-07-14,-0.25405,-0.25405
1228,2025-07-30,2025-07-30,2023-07-21,-0.26888,-0.26888
1229,2025-07-30,2025-07-30,2023-07-28,-0.28465,-0.28465
1230,2025-07-30,2025-07-30,2023-08-04,-0.30192,-0.30192
1231,2025-07-30,2025-07-30,2023-08-11,-0.31773,-0.31773
1232,2025-07-30,2025-07-30,2023-08-18,-0.33021,-0.33021
1233,2025-07-30,2025-07-30,2023-08-25,-0.33906,-0.33906
1234,2025-07-30,2025-07-30,2023-09-01,-0.34479,-0.34479
1235,2025-07-30,2025-07-30,2023-09-08,-0.34472,-0.34472
1236,2025-07-30,2025-07-30,2023-09-15,-0.34008,-0.34008
1237,2025-07-30,2025-07-30,2023-09-22,-0.33110,-0.3311
1238,2025-07-30,2025-07-30,2023-09-29,-0.31877,-0.31877
1239,2025-07-30,2025-07-30,2023-10-06,-0.30747,-0.30747
1240,2025-07-30,2025-07-30,2023-10-13,-0.29772,-0.29772
1241,2025-07-30,2025-07-30,2023-10-20,-0.29153,-0.29153
1242,2025-07-30,2025-07-30,2023-10-27,-0.29038,-0.29038
1243,2025-07-30,2025-07-30,2023-11-03,-0.29493,-0.29493
1244,2025-07-30,2025-07-30,2023-11-10,-0.30336,-0.30336
1245,2025-07-30,2025-07-30,2023-11-17,-0.31382,-0.31382
1246,2025-07-30,2025-07-30,2023-11-24,-0.32501,-0.32501
1247,2025-07-30,2025-07-30,2023-12-01,-0.33543,-0.33543
1248,2025-07-30,2025-07-30,2023-12-08,-0.34425,-0.34425
1249,2025-07-30,2025-07-30,2023-12-15,-0.35319,-0.35319
1250,2025-07-30,2025-07-30,2023-12-22,-0.36229,-0.36229
1251,2025-07-30,2025-07-30,2023-12-29,-0.37059,-0.37059
1252,2025-07-30,2025-07-30,2024-01-05,-0.37903,-0.37903
1253,2025-07-30,2025-07-30,2024-01-12,-0.38701,-0.38701
1254,2025-07-30,2025-07-30,2024-01-19,-0.39407,-0.39407
1255,2025-07-30,2025-07-30,2024-01-26,-0.40020,-0.4002
1256,2025-07-30,2025-07-30,2024-02-02,-0.40710,-0.4071
1257,2025-07-30,2025-07-30,2024-02-09,-0.41394,-0.41394
1258,2025-07-30,2025-07-30,2024-02-16,-0.42188,-0.42188
1259,2025-07-30,2025-07-30,2024-02-23,-0.43008,-0.43008
1260,2025-07-30,2025-07-30,2024-03-01,-0.43641,-0.43641
1261,2025-07-30,2025-07-30,2024-03-08,-0.43994,-0.43994
1262,2025-07-30,2025-07-30,2024-03-15,-0.44124,-0.44124
1263,2025-07-30,2025-07-30,2024-03-22,-0.43912,-0.43912
1264,2025-07-30,2025-07-30,2024-03-29,-0.43427,-0.43427
1265,2025-07-30,2025-07-30,2024-04-05,-0.42853,-0.42853
1266,2025-07-30,2025-07-30,2024-04-12,-0.42238,-0.42238
1267,2025-07-30,2025-07-30,2024-04-19,-0.41700,-0.417
1268,2025-07-30,2025-07-30,2024-04-26,-0.41470,-0.4147
1269,2025-07-30,2025-07-30,2024-05-03,-0.41449,-0.41449
1270,2025-07-30,2025-07-30,2024-05-10,-0.41517,-0.41517
1271,2025-07-30,2025-07-30,2024-05-17,-0.41549,-0.41549
1272,2025-07-30,2025-07-30,2024-05-24,-0.41488,-0.41488
1273,2025-07-30,2025-07-30,2024-05-31,-0.41136,-0.41136
1274,2025-07-30,2025-07-30,2024-06-07,-0.40573,-0.40573
1275,2025-07-30,2025-07-30,2024-06-14,-0.39858,-0.39858
1276,2025-07-30,2025-07-30,2024-06-21,-0.39098,-0.39098
1277,2025-07-30,2025-07-30,2024-06-28,-0.38451,-0.38451
1278,2025-07-30,2025-07-30,2024-07-05,-0.37955,-0.37955
1279,2025-07-30,2025-07-30,2024-07-12,-0.37433,-0.37433
1280,2025-07-30,2025-07-30,2024-07-19,-0.36953,-0.36953
1281,2025-07-30,2025-07-30,2024-07-26,-0.36587,-0.36587
1282,2025-07-30,2025-07-30,2024-08-02,-0.36379,-0.36379
1283,2025-07-30,2025-07-30,2024-08-09,-0.36471,-0.36471
1284,2025-07-30,2025-07-30,2024-08-16,-0.37296,-0.37296
1285,2025-07-30,2025-07-30,2024-08-23,-0.38332,-0.38332
1286,2025-07-30,2025-07-30,2024-08-30,-0.39504,-0.39504
1287,2025-07-30,2025-07-30,2024-09-06,-0.40664,-0.40664
1288,2025-07-30,2025-07-30,2024-09-13,-0.41685,-0.41685
1289,2025-07-30,2025-07-30,2024-09-20,-0.42515,-0.42515
1290,2025-07-30,2025-07-30,2024-09-27,-0.43159,-0.43159
1291,2025-07-30,2025-07-30,2024-10-04,-0.43577,-0.43577
1292,2025-07-30,2025-07-30,2024-10-11,-0.43881,-0.43881
1293,2025-07-30,2025-07-30,2024-10-18,-0.44310,-0.4431
1294,2025-07-30,2025-07-30,2024-10-25,-0.44744,-0.44744
1295,2025-07-30,2025-07-30,2024-11-01,-0.45328,-0.45328
1296,2025-07-30,2025-07-30,2024-11-08,-0.46115,-0.46115
1297,2025-07-30,2025-07-30,2024-11-15,-0.46855,-0.46855
1298,2025-07-30,2025-07-30,2024-11-22,-0.47357,-0.47357
1299,2025-07-30,2025-07-30,2024-11-29,-0.47699,-0.47699
1300,2025-07-30,2025-07-30,2024-12-06,-0.47939,-0.47939
1301,2025-07-30,2025-07-30,2024-12-13,-0.48104,-0.48104
1302,2025-07-30,2025-07-30,2024-12-20,-0.48231,-0.48231
1303,2025-07-30,2025-07-30,2024-12-27,-0.48658,-0.48658
1304,2025-07-30,2025-07-30,2025-01-03,-0.49156,-0.49156
1305,2025-07-30,2025-07-30,2025-01-10,-0.49788,-0.49788
1306,2025-07-30,2025-07-30,2025-01-17,-0.50315,-0.50315
1307,2025-07-30,2025-07-30,2025-01-24,-0.50806,-0.50806
1308,2025-07-30,2025-07-30,2025-01-31,-0.51076,-0.51076
1309,2025-07-30,2025-07-30,2025-02-07,-0.50942,-0.50942
1310,2025-07-30,2025-07-30,2025-02-14,-0.50469,-0.50469
1311,2025-07-30,2025-07-30,2025-02-21,-0.49509,-0.49509
1312,2025-07-30,2025-07-30,2025-02-28,-0.48172,-0.48172
1313,2025-07-30,2025-07-30,2025-03-07,-0.46533,-0.46533
1314,2025-07-30,2025-07-30,2025-03-14,-0.44758,-0.44758
1315,2025-07-30,2025-07-30,2025-03-21,-0.43059,-0.43059
1316,2025-07-30,2025-07-30,2025-03-28,-0.41475,-0.41475
1317,2025-07-30,2025-07-30,2025-04-04,-0.40087,-0.40087
1318,2025-07-30,2025-07-30,2025-04-11,-0.39089,-0.39089
1319,2025-07-30,2025-07-30,2025-04-18,-0.39195,-0.39195
1320,2025-07-30,2025-07-30,2025-04-25,-0.39860,-0.3986
1321,2025-07-30,2025-07-30,2025-05-02,-0.41157,-0.41157
1322,2025-07-30,2025-07-30,2025-05-09,-0.42827,-0.42827
1323,2025-07-30,2025-07-30,2025-05-16,-0.44472,-0.44472
1324,2025-07-30,2025-07-30,2025-05-23,-0.45824,-0.45824
1325,2025-07-30,2025-07-30,2025-05-30,-0.46937,-0.46937
1326,2025-07-30,2025-07-30,2025-06-06,-0.47885,-0.47885
1327,2025-07-30,2025-07-30,2025-06-13,-0.48791,-0.48791
1328,2025-07-30,2025-07-30,2025-06-20,-0.49765,-0.49765
1329,2025-07-30,2025-07-30,2025-06-27,-0.50952,-0.50952
1330,2025-07-30,2025-07-30,2025-07-04,-0.52402,-0.52402
1331,2025-07-30,2025-07-30,2025-07-11,-0.53873,-0.53873
1332,2025-07-30,2025-07-30,2025-07-18,-0.55311,-0.55311
